duration,protocol_type,service,flag,src_bytes,dst_bytes,land,wrong_fragment,urgent,hot,num_failed_logins,num_compromised,count,srv_count,serror_rate,srv_serror_rate,same_srv_rate,dst_host_count,dst_host_srv_count,label
2.79,tcp,http,SF,6168,441,0,0,0,0,1,0,10,16,0.068,0.003,0.767,199,18,normal
3.98,icmp,ssh,SF,1647,1233,0,0,0,1,1,0,25,13,0.102,0.008,0.886,219,205,normal
0.72,udp,other,RSTO,498,1116,0,0,0,2,0,0,16,14,0.152,0.046,0.951,62,81,normal
2.45,tcp,dns,SF,1983,2146,0,0,0,0,0,0,16,18,0.106,0.113,0.965,28,187,normal
2.12,tcp,smtp,SF,603,752,0,0,0,1,0,0,14,22,0.269,0.153,0.695,252,97,normal
4.47,tcp,dns,S0,444,83,0,0,0,0,1,1,23,15,0.195,0.12,0.924,80,117,normal
5.91,tcp,dns,SF,244,598,0,0,0,1,0,1,18,14,0.033,0.138,0.897,175,124,normal
0.03,udp,telnet,REJ,112,3332,0,0,0,1,0,1,21,18,0.037,0.135,0.747,9,28,normal
2.8,tcp,http,SF,660,723,0,0,0,1,0,0,23,22,0.023,0.057,0.9,180,197,normal
0.13,udp,ftp,SF,1346,776,0,0,0,0,0,0,18,15,0.062,0.078,0.865,15,156,normal
1.99,tcp,http,SF,967,4363,0,0,0,0,0,0,16,12,0.133,0.092,0.947,162,89,normal
0.85,icmp,other,SF,638,404,0,0,0,0,0,0,13,13,0.292,0.157,0.723,20,212,normal
0.92,udp,other,RSTO,320,126,0,0,0,1,0,0,8,14,0.119,0.008,0.931,206,213,normal
1.09,tcp,http,SF,2418,875,0,0,0,1,0,0,23,15,0.136,0.076,0.879,60,141,normal
2838.4,tcp,dns,SF,2465642,2975173,0,0,0,0,10,0,464,328,0.866,0.89,0.92,186,6,anomaly
1.02,tcp,other,SF,3007,283,0,0,0,0,0,0,15,9,0.122,0.041,0.665,75,157,normal
3.3,tcp,http,SF,298,857,0,0,0,0,0,0,15,14,0.045,0.035,0.648,94,106,normal
1.3,tcp,ssh,RSTO,412,2182,0,0,0,0,0,0,23,13,0.071,0.035,0.808,67,119,normal
0.18,tcp,other,SF,162,1082,0,0,0,0,0,0,20,21,0.178,0.25,0.731,2,137,normal
3.83,tcp,http,S0,571,1685,0,0,0,1,0,0,19,17,0.087,0.036,0.523,178,29,normal
0.84,tcp,dns,SH,3896,13887,0,0,0,0,1,1,24,9,0.081,0.061,0.609,142,166,normal
1.42,tcp,https,SF,2143,678,0,0,0,0,0,0,22,9,0.068,0.087,0.864,184,65,normal
2.89,tcp,other,RSTO,3912,1619,0,0,0,0,0,0,26,16,0.114,0.031,0.707,221,56,normal
1.01,tcp,other,SF,2161,537,0,0,0,0,0,0,17,10,0.023,0.085,0.909,197,30,normal
0.15,tcp,other,SF,261,335,0,0,0,0,1,0,20,16,0.084,0.069,0.963,44,114,normal
1.17,udp,ftp,SF,713,483,0,0,0,0,0,0,21,16,0.293,0.283,0.886,174,96,normal
7.23,tcp,telnet,S0,397,561,0,0,0,2,0,0,18,13,0.158,0.045,0.89,134,121,normal
2.57,tcp,telnet,SH,6184,1813,0,0,0,0,0,0,18,21,0.039,0.021,0.706,136,187,normal
2.78,tcp,https,SF,231,29398,0,0,0,0,0,0,20,9,0.084,0.272,0.976,39,215,normal
2.5,tcp,smtp,S0,3504,402,0,0,0,1,1,0,20,12,0.037,0.1,0.737,231,231,normal
0.55,tcp,http,SF,3501,611,0,0,0,0,0,0,21,17,0.318,0.07,0.876,236,58,normal
1.35,tcp,ssh,SF,11831,1003,0,0,0,1,0,0,20,12,0.028,0.048,0.723,93,138,normal
3.48,tcp,http,SF,643,1908,0,0,0,0,0,0,28,19,0.04,0.179,0.894,231,236,normal
0.27,udp,http,SH,2768,1586,0,0,0,0,0,0,17,11,0.11,0.302,0.761,44,149,normal
0.81,icmp,http,SF,21293,6619,0,0,0,0,1,0,15,10,0.055,0.02,0.711,27,184,normal
0.81,udp,dns,SF,491,36,0,0,0,0,0,0,20,13,0.202,0.325,0.952,16,26,normal
1.41,tcp,https,SF,149,38,0,0,0,0,0,0,15,10,0.12,0.027,0.832,219,15,normal
9.83,tcp,dns,SF,95,547,0,0,0,0,0,0,26,15,0.226,0.28,0.626,39,209,normal
0.17,udp,http,SF,2769,5096,0,0,0,0,0,0,22,16,0.024,0.035,0.911,232,163,normal
1.83,tcp,https,SF,94,122,0,0,0,1,1,0,21,14,0.015,0.085,0.728,129,89,normal
0.49,tcp,ssh,REJ,675,16,0,0,0,0,1,0,22,20,0.118,0.048,0.976,237,15,normal
8.82,tcp,smtp,SF,1936,2439,0,0,0,0,0,0,20,9,0.155,0.084,0.806,179,97,normal
0.3,tcp,https,SF,1395,1542,0,0,0,1,0,0,18,16,0.02,0.177,0.876,191,75,normal
1.29,udp,ssh,SF,1906,238,0,0,0,0,0,0,15,13,0.134,0.181,0.904,33,88,normal
3.35,tcp,other,REJ,1464,275,0,0,0,0,0,0,20,7,0.177,0.087,0.545,248,6,normal
3.05,udp,ssh,S0,5782,282,0,0,0,1,0,0,19,19,0.151,0.049,0.726,50,156,normal
1.37,tcp,http,SF,317,1280,0,0,0,0,0,0,26,8,0.046,0.145,0.755,103,63,normal
1.06,tcp,http,S0,454,456,0,3,0,1,0,0,18,12,0.233,0.036,0.784,182,29,normal
1.27,tcp,other,SF,401,2190,0,0,0,2,1,0,25,12,0.021,0.118,0.851,27,48,normal
0.77,tcp,http,SF,3226,20,0,0,0,2,1,0,17,18,0.104,0.154,0.747,209,191,normal
0.57,icmp,other,SF,3535,330,0,3,0,0,0,0,21,14,0.095,0.034,0.597,124,186,normal
1.65,udp,ftp,SF,1971,226,0,0,0,0,0,1,20,19,0.043,0.044,0.808,207,149,normal
0.78,udp,other,SF,5107,765,0,0,0,0,0,0,19,21,0.019,0.047,0.64,86,204,normal
0.85,udp,smtp,RSTO,237,516,0,0,0,1,1,0,27,13,0.178,0.073,0.905,249,22,normal
2.67,tcp,other,REJ,9579,3350,0,0,0,0,1,0,26,10,0.054,0.105,0.94,147,27,normal
8.65,udp,https,S0,7944,81,0,0,0,0,0,0,26,11,0.139,0.045,0.748,28,85,normal
2.31,tcp,smtp,SF,2853,1168,0,0,0,1,1,0,16,12,0.108,0.264,0.838,151,79,normal
0.2,tcp,https,SF,11118,2396,0,0,0,0,1,0,18,20,0.136,0.037,0.861,64,185,normal
0.2,tcp,ftp,S0,127,14754,0,0,0,0,0,0,17,16,0.079,0.142,0.913,228,210,normal
7.56,tcp,ssh,SF,554,558,0,0,0,1,1,0,15,16,0.165,0.306,0.774,241,138,normal
0.88,tcp,other,SF,421,1727,0,0,0,0,0,0,25,20,0.079,0.008,0.876,167,22,normal
0.24,tcp,other,SF,2801,87,0,0,0,0,0,0,25,13,0.04,0.043,0.506,240,172,normal
2.28,udp,smtp,REJ,280,38,0,0,0,0,0,0,19,17,0.037,0.011,0.783,49,84,normal
2.44,tcp,https,SF,2935,3578,0,0,0,1,0,0,22,14,0.233,0.055,0.805,187,83,normal
2.61,tcp,https,SF,6513,1088,0,0,0,0,0,0,12,11,0.022,0.02,0.493,148,156,normal
0.78,tcp,dns,REJ,2707,5709,0,0,0,0,0,0,23,8,0.139,0.039,0.783,189,229,normal
0.04,tcp,http,SF,1585,160,0,0,0,0,0,0,19,13,0.06,0.243,0.779,111,50,normal
8.38,udp,http,SF,303,2270,0,0,0,0,0,0,21,18,0.009,0.135,0.891,128,179,normal
0.72,tcp,https,SF,364,15008,0,0,0,0,0,0,22,17,0.17,0.124,0.532,9,247,normal
2.82,icmp,https,SF,5566,1973,0,0,0,0,0,1,11,20,0.185,0.065,0.728,245,236,normal
3.07,udp,https,S0,3020,1615,0,1,0,0,0,0,11,12,0.082,0.155,0.831,23,129,normal
2.35,tcp,http,SF,1042,1109,0,0,0,1,1,0,21,5,0.063,0.021,0.822,237,162,normal
0.94,tcp,http,SF,636,121,0,0,1,0,0,0,10,13,0.208,0.054,0.895,135,163,normal
0.79,udp,http,RSTO,78,7315,0,0,0,0,1,0,18,12,0.111,0.046,0.868,159,218,normal
2.28,udp,other,RSTO,272,466,0,0,0,0,0,0,17,11,0.073,0.172,0.961,60,61,normal
5.03,udp,https,RSTO,13158,2222,0,0,0,0,0,0,14,22,0.017,0.059,0.725,243,30,normal
7.33,udp,https,SF,207,122,0,0,0,0,1,0,8,11,0.034,0.084,0.823,61,76,normal
1558.91,tcp,dns,SF,1210712,3571555,0,0,0,0,10,0,479,216,0.992,0.997,0.981,75,206,anomaly
0.42,tcp,http,SH,4063,8177,0,0,0,0,0,0,26,19,0.083,0.19,0.656,232,231,normal
7.24,tcp,other,REJ,214,674,0,0,0,0,0,0,28,19,0.208,0.051,0.847,209,196,normal
3.33,udp,smtp,SF,1394,8388,0,0,0,0,0,0,25,12,0.159,0.025,0.843,228,204,normal
5.36,tcp,http,SF,3711,982,0,0,0,1,0,0,18,12,0.04,0.341,0.869,154,216,normal
0.57,tcp,https,SF,1114,83,0,0,0,0,0,0,17,13,0.041,0.144,0.946,100,168,normal
2.21,tcp,other,RSTO,45657,3823,0,0,0,1,0,0,17,21,0.249,0.013,0.836,210,223,normal
601.28,tcp,other,SF,4316856,1943947,0,0,0,0,15,0,436,208,0.89,0.875,0.818,54,193,anomaly
2.85,tcp,ftp,SF,4343,2916,0,1,0,0,0,0,25,13,0.027,0.016,0.785,31,37,normal
1.31,udp,ssh,SF,875,1136,0,0,0,0,0,0,18,12,0.023,0.063,0.83,241,192,normal
0.04,tcp,http,S0,2991,126,0,0,0,0,1,0,27,14,0.048,0.225,0.911,227,129,normal
2.19,udp,other,REJ,1946,1380,0,0,0,1,0,2,18,16,0.163,0.118,0.951,169,143,normal
0.73,tcp,http,SF,422,23735,0,0,0,0,1,0,25,12,0.058,0.049,0.811,28,13,normal
1.5,tcp,other,REJ,1476,2186,0,0,0,1,0,0,24,12,0.08,0.248,0.944,90,157,normal
7.9,udp,dns,SH,97,1011,0,0,0,0,0,0,27,15,0.012,0.012,0.749,6,183,normal
1.27,udp,ssh,SF,2402,4941,0,0,0,1,0,0,19,23,0.171,0.082,0.845,34,45,normal
4.58,tcp,ftp,SF,1615,1472,0,0,0,0,1,0,35,13,0.122,0.102,0.915,92,4,normal
0.52,udp,http,SF,2515,1470,0,0,0,0,0,0,18,18,0.082,0.176,0.78,108,192,normal
2.79,tcp,http,REJ,4339,237,0,0,0,0,0,0,22,15,0.059,0.101,0.657,255,15,normal
9.43,tcp,http,SF,1768,1521,0,0,0,1,0,0,20,16,0.077,0.077,0.895,239,236,normal
0.27,tcp,http,SF,1329,4673,0,0,0,0,0,0,16,16,0.064,0.013,0.884,9,104,normal
0.02,tcp,smtp,REJ,348,340,0,0,0,0,0,0,15,17,0.067,0.139,0.565,93,176,normal
1.42,tcp,https,SF,434,8056,0,0,0,0,0,0,16,15,0.147,0.025,0.771,98,204,normal
0.24,tcp,http,RSTO,5129,964,0,0,0,0,0,0,20,14,0.098,0.331,0.772,12,184,normal
3.45,tcp,other,SF,7095,316,0,0,0,0,1,0,13,20,0.034,0.013,0.876,16,217,normal
6.15,tcp,other,SF,804,4432,0,0,0,1,0,0,19,22,0.123,0.27,0.521,71,91,normal
1.42,tcp,other,S0,1164,733,0,0,0,0,0,0,23,17,0.061,0.23,0.928,159,198,normal
0.75,udp,other,REJ,338,3175,0,0,0,0,0,0,22,15,0.103,0.433,0.619,161,215,normal
1.42,tcp,http,SF,5037,728,0,0,0,0,0,1,20,11,0.024,0.244,0.964,245,143,normal
2085.0,tcp,https,REJ,3676564,4068337,0,0,0,0,17,0,350,184,0.853,0.833,0.554,135,39,anomaly
0.02,udp,smtp,RSTO,13678,2188,0,0,0,2,0,0,26,15,0.047,0.071,0.846,3,197,normal
2.23,tcp,dns,SF,350,1647,0,0,0,0,0,1,17,18,0.126,0.322,0.73,148,215,normal
2.38,tcp,http,SH,670,67,0,0,0,1,1,0,23,16,0.098,0.122,0.971,5,79,normal
2.54,tcp,smtp,SF,1481,228,0,0,0,0,0,0,28,25,0.058,0.084,0.585,195,217,normal
0.69,tcp,http,SF,2541,4028,0,0,0,0,0,1,18,23,0.065,0.052,0.899,239,60,normal
3.13,udp,http,SF,828,911,0,0,0,1,0,0,16,16,0.133,0.026,0.869,38,94,normal
0.24,udp,ssh,RSTO,352,526,0,0,0,1,0,0,15,15,0.147,0.195,0.887,79,172,normal
0.56,tcp,ssh,S0,3448,163,0,0,0,0,1,1,21,15,0.094,0.029,0.818,99,43,normal
5.25,udp,ssh,SF,2800,241,0,0,0,1,0,0,18,15,0.159,0.357,0.59,184,132,normal
3.36,udp,http,SF,333,64,0,0,0,0,0,0,23,6,0.22,0.193,0.777,151,77,normal
0.03,tcp,other,SF,6387,951,0,0,0,0,1,0,10,11,0.034,0.248,0.769,225,178,normal
0.71,udp,https,SF,5020,474,0,0,0,0,0,0,19,15,0.011,0.147,0.64,2,232,normal
616.28,tcp,http,RSTO,1358865,1756492,0,0,0,0,17,1,445,211,0.931,0.858,0.807,100,39,anomaly
0.79,udp,other,REJ,1216,996,0,0,0,0,0,0,19,19,0.044,0.132,0.756,149,54,normal
0.71,udp,other,SF,2253,1825,0,0,0,0,0,0,21,17,0.128,0.073,0.798,206,151,normal
0.16,tcp,telnet,SH,357,20547,0,0,0,0,0,0,25,12,0.112,0.143,0.952,142,188,normal
1.54,tcp,smtp,SF,1140,132,0,0,0,1,0,0,21,14,0.147,0.004,0.817,251,208,normal
3.3,tcp,dns,SH,66,5558,0,0,0,0,0,0,27,20,0.044,0.016,0.512,190,163,normal
2.33,tcp,ssh,S0,3426,4282,0,0,0,0,1,0,18,18,0.005,0.014,0.965,234,54,normal
2.79,udp,http,SF,144,368,0,0,0,0,1,0,19,14,0.023,0.203,0.782,139,186,normal
0.21,udp,https,SF,7742,1457,0,0,0,0,0,0,18,16,0.032,0.112,0.978,132,62,normal
7.56,tcp,https,RSTO,713,577,0,0,0,0,0,0,25,13,0.145,0.276,0.941,47,208,normal
4.56,tcp,https,SF,832,1422,0,0,0,0,0,1,20,22,0.202,0.106,0.928,116,176,normal
4.09,tcp,dns,SF,484,9070,0,0,0,1,0,0,16,16,0.052,0.1,0.79,94,135,normal
4.33,tcp,ftp,SF,754,2560,0,0,0,0,0,0,21,18,0.107,0.062,0.759,249,247,normal
6.75,tcp,http,SF,6933,2235,0,0,0,1,0,0,26,16,0.069,0.081,0.65,100,173,normal
1.96,tcp,http,SF,43,600,0,0,0,0,0,0,18,19,0.057,0.033,0.664,20,13,normal
0.56,udp,dns,S0,5767,137,0,0,0,2,0,0,25,14,0.164,0.013,0.93,180,181,normal
2.4,tcp,http,RSTO,1701,819,0,0,0,0,0,0,24,13,0.185,0.166,0.86,16,115,normal
3.4,tcp,telnet,SF,228,5938,0,0,0,0,0,0,15,10,0.099,0.075,0.819,226,242,normal
3.35,udp,ftp,S0,270,129,0,0,0,0,0,0,13,8,0.15,0.206,0.838,173,221,normal
1.84,tcp,ftp,SF,9694,250,0,0,0,1,0,1,11,9,0.104,0.08,0.847,136,39,normal
0.18,icmp,ssh,REJ,320,1308,0,0,0,1,1,1,21,12,0.099,0.043,0.544,237,84,normal
1.16,icmp,smtp,REJ,244,276,0,0,0,0,0,0,19,20,0.23,0.16,0.835,190,242,normal
6.34,tcp,https,SF,4810,361,0,0,0,1,0,0,16,12,0.03,0.267,0.973,212,221,normal
2.2,tcp,dns,S0,1702,606,0,0,0,0,0,0,14,18,0.027,0.351,0.665,149,248,normal
1.93,tcp,ssh,SF,323,162,0,0,0,0,0,0,28,16,0.008,0.072,0.667,64,146,normal
0.78,tcp,https,SF,1453,280,0,0,0,0,0,0,20,16,0.156,0.164,0.821,104,150,normal
1.15,tcp,other,REJ,289,2935,0,0,0,0,0,0,17,12,0.18,0.09,0.738,158,164,normal
5.64,tcp,smtp,SF,4587,175,0,0,0,1,0,0,15,17,0.101,0.036,0.882,164,105,normal
2.75,tcp,dns,SF,4358,117,0,0,0,0,0,1,16,15,0.155,0.116,0.712,133,181,normal
3.87,tcp,telnet,SF,2189,453,0,0,0,1,0,0,17,15,0.039,0.116,0.852,213,112,normal
1.51,tcp,telnet,REJ,1754,3055,0,0,0,0,0,0,29,17,0.075,0.285,0.921,38,228,normal
2.49,udp,dns,SF,10824,832,0,0,0,0,0,0,16,15,0.056,0.363,0.876,215,72,normal
0.71,tcp,telnet,SF,1096,572,0,0,0,1,0,0,19,18,0.026,0.007,0.883,19,3,normal
3.06,tcp,dns,S0,235,1166,0,3,0,0,0,0,21,15,0.045,0.127,0.594,254,190,normal
1.39,tcp,dns,REJ,1967,95,0,0,0,0,0,0,15,6,0.131,0.031,0.789,74,157,normal
1.46,icmp,ssh,SF,16512,2192,0,0,0,1,0,0,20,14,0.034,0.067,0.966,155,73,normal
2.62,tcp,smtp,SF,293,1875,0,0,0,0,0,0,18,22,0.146,0.034,0.899,227,8,normal
6.88,udp,http,SF,685,618,0,0,0,0,0,0,16,12,0.185,0.023,0.915,141,222,normal
0.17,udp,other,SF,1884,4484,0,0,0,1,0,1,21,19,0.081,0.065,0.946,137,76,normal
4.35,tcp,other,SF,1022,226,0,0,0,0,0,0,18,12,0.056,0.082,0.943,17,174,normal
0.86,udp,http,S0,305,5319,0,0,0,1,0,0,20,15,0.023,0.197,0.908,95,92,normal
1.47,tcp,smtp,S0,4714,1361,0,0,0,3,1,0,13,21,0.027,0.194,0.499,234,184,normal
0.06,tcp,http,SF,22382,684,0,0,0,0,1,0,20,21,0.014,0.182,0.768,172,106,normal
0.9,tcp,https,SF,1415,1066,0,0,0,2,1,0,25,21,0.107,0.07,0.972,45,245,normal
1.75,tcp,dns,REJ,338,943,0,0,0,1,0,0,19,11,0.171,0.058,0.638,88,49,normal
0.14,tcp,http,SF,146,6053,0,0,0,0,0,1,20,14,0.036,0.3,0.803,42,43,normal
1.69,udp,smtp,SH,1533,242,0,0,0,0,0,0,15,23,0.115,0.112,0.661,51,138,normal
6.55,tcp,telnet,SF,4605,377,0,0,0,1,0,0,14,14,0.246,0.104,0.693,245,141,normal
0.28,tcp,ftp,SF,2033,4678,0,0,0,0,0,1,22,15,0.091,0.108,0.722,211,185,normal
3.61,tcp,http,S0,1093,476,0,0,0,1,1,0,24,13,0.123,0.2,0.94,186,2,normal
1.32,tcp,https,SF,509,3868,0,0,0,0,0,1,21,16,0.074,0.111,0.824,113,65,normal
2.66,udp,ssh,S0,265,11839,0,0,0,0,0,0,20,16,0.133,0.011,0.832,186,86,normal
0.75,tcp,other,SF,3245,624,0,1,0,0,0,0,22,13,0.008,0.007,0.841,158,97,normal
0.43,tcp,dns,SF,3597,2846,0,0,0,1,0,0,22,12,0.076,0.039,0.832,133,208,normal
0.44,tcp,https,REJ,147,218,0,0,0,0,0,0,23,15,0.107,0.088,0.589,8,170,normal
0.18,tcp,dns,SF,8662,3154,0,0,0,1,0,0,20,16,0.003,0.043,0.456,37,186,normal
0.51,tcp,ssh,REJ,2312,1449,0,0,0,0,1,0,19,14,0.098,0.152,0.814,47,221,normal
2.73,udp,smtp,SF,6764,2126,0,0,0,0,0,0,18,14,0.173,0.185,0.858,100,10,normal
5.34,tcp,http,SF,191,444,0,0,0,0,0,0,16,16,0.017,0.105,0.888,89,63,normal
4.21,udp,smtp,S0,185,107,0,0,0,0,0,0,24,16,0.013,0.03,0.843,173,103,normal
2.89,tcp,ssh,SF,903,2218,0,0,0,0,0,0,21,14,0.247,0.032,0.829,241,254,normal
0.29,tcp,other,SF,2108,61,0,0,0,0,0,1,20,10,0.043,0.248,0.522,133,199,normal
0.85,tcp,https,SF,11330,703,0,0,0,0,0,1,19,13,0.137,0.274,0.753,225,61,normal
0.93,udp,dns,SF,2746,4095,0,0,0,0,0,0,15,17,0.06,0.28,0.725,191,1,normal
0.72,udp,other,SF,799,1434,0,0,0,0,0,0,13,16,0.274,0.184,0.92,86,154,normal
1.81,tcp,http,S0,288,16775,0,0,0,1,0,0,18,22,0.13,0.312,0.551,175,237,normal
1.92,udp,other,RSTO,5426,4606,0,0,0,0,0,0,19,17,0.127,0.021,0.854,234,5,normal
1.1,udp,dns,RSTO,312,439,0,0,0,2,0,0,25,16,0.024,0.05,0.839,25,35,normal
837.05,tcp,http,S0,2314392,2603101,0,0,0,0,10,1,313,205,0.975,0.971,0.824,235,125,anomaly
4.41,tcp,https,REJ,757,1026,0,0,0,1,0,0,17,22,0.323,0.016,0.851,126,141,normal
3.89,tcp,dns,S0,8671,119,0,0,0,1,0,1,20,17,0.134,0.101,0.621,178,27,normal
0.92,tcp,http,SF,2650,293,0,0,0,0,1,1,24,26,0.022,0.029,0.935,221,140,normal
6.13,udp,ssh,RSTO,917,500,0,0,0,1,1,0,22,15,0.053,0.264,0.903,173,94,normal
7.63,udp,https,S0,558,63,0,0,0,0,0,0,30,13,0.12,0.116,0.93,116,50,normal
0.99,tcp,ssh,SF,704,1172,0,0,0,1,1,0,16,10,0.17,0.047,0.848,120,224,normal
1.09,tcp,http,SF,1913,773,0,0,0,2,0,0,29,20,0.212,0.233,0.931,30,187,normal
1.76,tcp,other,SF,1212,105,0,0,0,0,0,0,23,13,0.049,0.05,0.828,48,159,normal
7.08,udp,other,SF,506,1931,0,0,0,0,1,0,20,10,0.035,0.108,0.991,179,69,normal
5.23,udp,other,REJ,884,2987,1,0,0,0,0,0,21,18,0.01,0.204,0.676,94,165,normal
0.27,udp,dns,SF,1214,1506,0,0,0,0,0,0,19,18,0.083,0.028,0.747,55,2,normal
1.25,udp,http,SF,68,696,0,0,0,0,1,0,24,14,0.088,0.066,0.885,236,102,normal
2.02,tcp,smtp,SH,1989,2509,1,0,0,1,0,0,15,15,0.113,0.025,0.896,183,199,normal
1.75,tcp,http,SF,306,2842,0,0,0,0,0,0,21,13,0.076,0.101,0.714,46,193,normal
0.54,tcp,http,SF,244,1686,0,0,0,0,0,0,17,15,0.174,0.201,0.888,31,3,normal
4.89,udp,https,SF,122,345,0,0,0,1,0,0,19,14,0.059,0.09,0.854,162,148,normal
2.82,tcp,ftp,S0,106,1615,0,0,0,0,0,0,16,17,0.096,0.128,0.721,92,130,normal
4.55,tcp,smtp,RSTO,188,5846,0,0,0,1,0,0,15,13,0.2,0.193,0.795,74,42,normal
4.89,tcp,dns,SF,436,475,0,0,0,0,0,0,18,9,0.018,0.043,0.777,196,43,normal
3.45,udp,https,REJ,13894,20683,0,0,0,1,0,0,23,18,0.118,0.051,0.798,161,21,normal
1.45,tcp,https,SF,553,525,0,0,0,1,0,0,27,14,0.387,0.083,0.439,56,45,normal
2.36,tcp,other,RSTO,1381,1147,0,0,0,0,0,0,15,22,0.129,0.107,0.602,186,224,normal
0.44,tcp,https,S0,1845,427,1,0,0,1,0,0,17,11,0.08,0.047,0.854,122,240,normal
2.8,udp,ftp,REJ,1300,1499,0,0,0,1,0,0,22,24,0.086,0.143,0.85,57,20,normal
0.49,udp,http,SF,991,95,0,0,0,2,1,0,13,17,0.067,0.024,0.765,17,171,normal
2.96,tcp,smtp,SH,231,510,0,0,0,1,0,0,23,14,0.138,0.227,0.826,139,178,normal
0.65,udp,dns,S0,7231,237,0,0,0,0,0,0,12,22,0.101,0.093,0.952,199,223,normal
0.31,tcp,http,SF,11491,1325,0,0,0,1,0,0,16,19,0.16,0.044,0.966,209,43,normal
0.45,tcp,http,REJ,123,4412,0,0,0,0,1,0,15,11,0.318,0.058,0.732,220,225,normal
0.0,udp,dns,SF,289,2709,0,0,0,0,0,0,18,11,0.098,0.111,0.961,17,24,normal
3.17,tcp,dns,RSTO,762,39,0,0,0,0,0,0,15,12,0.182,0.037,0.694,105,82,normal
1616.59,udp,https,SF,1169495,2038575,0,0,0,1,17,0,252,437,0.86,0.836,0.396,138,84,anomaly
1.81,udp,other,S0,2116,1658,0,0,0,0,0,0,13,11,0.122,0.106,0.987,154,60,normal
0.44,tcp,http,SF,425,369,0,0,0,1,0,0,24,5,0.136,0.087,0.855,134,32,normal
0.22,tcp,https,SF,18298,1366,0,0,0,0,0,0,21,13,0.034,0.564,0.63,81,122,normal
0.05,tcp,other,SF,5154,1403,0,0,0,0,0,0,19,12,0.257,0.404,0.947,16,5,normal
0.45,tcp,https,SF,1445,431,0,0,0,0,0,0,24,12,0.089,0.093,0.727,103,130,normal
5.54,tcp,dns,SF,4167,1446,0,0,0,0,0,0,18,15,0.076,0.118,0.807,243,154,normal
0.69,icmp,https,SF,4617,468,0,0,0,1,0,0,17,14,0.282,0.016,0.647,90,25,normal
1.09,tcp,https,SF,526,622,0,0,0,2,0,0,23,14,0.098,0.096,0.617,4,178,normal
0.28,udp,other,SF,379,419,0,0,0,0,0,0,23,17,0.126,0.18,0.926,62,86,normal
0.63,tcp,https,SF,1213,147,0,0,0,0,0,0,16,12,0.058,0.019,0.897,212,167,normal
1.83,udp,other,S0,3361,1345,0,0,0,0,0,1,22,13,0.035,0.037,0.779,248,86,normal
2.34,tcp,http,SF,1313,2488,0,0,0,1,0,0,27,16,0.004,0.029,0.652,192,75,normal
0.7,tcp,http,RSTO,141,2254,0,0,0,0,0,0,27,5,0.002,0.294,0.906,241,11,normal
0.15,tcp,http,REJ,386,3456,0,0,0,0,0,0,32,11,0.145,0.137,0.803,56,191,normal
1.24,tcp,dns,S0,996,1726,0,0,0,0,1,0,24,14,0.079,0.073,0.736,233,252,normal
0.67,udp,https,SF,993,520,0,0,0,0,0,0,19,12,0.041,0.061,0.744,203,237,normal
0.62,tcp,telnet,RSTO,14247,3552,0,0,0,0,0,0,17,24,0.033,0.074,0.927,151,68,normal
8.04,tcp,ftp,SF,180,163,0,0,0,0,1,0,24,21,0.008,0.01,0.886,33,97,normal
2.39,tcp,other,SF,2115,310,0,0,0,0,0,0,17,11,0.046,0.002,0.731,31,146,normal
2.03,tcp,http,SF,7599,284,0,0,0,0,0,0,21,11,0.143,0.024,0.785,135,223,normal
1.34,udp,telnet,REJ,21012,4974,0,0,0,1,0,0,17,13,0.018,0.089,0.702,214,108,normal
1.4,icmp,smtp,SF,648,4104,0,0,0,0,0,0,22,15,0.077,0.097,0.652,133,122,normal
1.95,udp,smtp,SF,2077,2169,0,0,0,0,0,0,15,18,0.029,0.021,0.832,165,156,normal
2.98,tcp,telnet,SH,2300,4918,0,0,0,0,0,1,21,13,0.061,0.046,0.588,1,42,normal
3.03,tcp,smtp,REJ,1413,320,0,0,0,1,0,0,20,13,0.253,0.077,0.558,198,60,normal
0.47,udp,ssh,SF,964,1786,0,0,0,1,0,1,19,16,0.193,0.157,0.564,45,254,normal
1.73,tcp,http,SF,1932,920,0,0,0,1,1,0,19,7,0.03,0.061,0.919,47,150,normal
1.33,icmp,http,REJ,40,3589,0,0,0,0,0,0,19,13,0.078,0.183,0.757,196,168,normal
5.11,icmp,other,SF,2661,933,0,0,0,1,0,0,14,13,0.057,0.102,0.834,222,62,normal
2.5,udp,ssh,SF,1292,639,0,0,0,1,1,0,17,20,0.112,0.045,0.937,30,255,normal
1.9,tcp,smtp,SF,821,2338,0,0,0,1,0,0,19,17,0.118,0.057,0.395,81,131,normal
0.31,tcp,ftp,RSTO,15692,3739,0,0,0,1,0,0,23,14,0.052,0.065,0.814,188,71,normal
2.33,udp,http,S0,456,430,0,0,0,1,0,0,20,16,0.235,0.015,0.528,248,191,normal
0.31,tcp,http,REJ,649,1006,0,0,0,0,0,0,14,14,0.092,0.198,0.896,24,121,normal
1.03,tcp,dns,RSTO,14603,249,0,1,0,0,0,0,17,9,0.154,0.04,0.91,31,20,normal
0.39,tcp,https,SF,371,33,0,0,0,0,0,0,20,10,0.199,0.053,0.784,28,235,normal
2.94,udp,http,SF,536,1451,0,0,0,0,0,0,17,8,0.012,0.269,0.847,173,199,normal
0.58,udp,ftp,SF,905,2572,0,0,0,1,0,1,17,15,0.011,0.212,0.953,235,71,normal
1.24,tcp,http,SF,3271,1582,0,0,0,1,0,0,23,20,0.042,0.043,0.748,132,221,normal
5.65,tcp,ssh,SF,1436,71,0,0,0,0,1,0,24,13,0.11,0.1,0.694,189,252,normal
0.57,tcp,https,REJ,204,671,0,0,0,0,0,2,22,12,0.044,0.28,0.944,39,154,normal
1.77,icmp,smtp,SF,549,49,0,0,0,0,1,0,24,16,0.012,0.081,0.539,83,169,normal
1.36,tcp,https,RSTO,497,7462,0,0,0,1,0,0,19,14,0.083,0.092,0.718,152,131,normal
0.05,tcp,ftp,SF,991,239,0,0,0,0,1,1,20,16,0.074,0.045,0.907,71,171,normal
3.93,udp,http,SF,1907,6358,0,0,0,0,0,0,20,14,0.029,0.311,0.808,174,145,normal
0.18,udp,http,SF,1888,4122,0,0,0,1,0,0,22,12,0.076,0.111,0.833,181,232,normal
1.61,udp,https,SF,108,310,0,0,0,0,0,0,22,15,0.273,0.161,0.903,176,84,normal
2.06,udp,ftp,S0,4372,224,0,0,0,0,0,0,16,13,0.127,0.21,0.946,245,98,normal
2.48,tcp,ssh,SF,1522,1790,0,0,0,0,0,0,21,17,0.041,0.167,0.92,9,181,normal
2.92,tcp,https,SF,6633,336,0,0,0,0,1,1,21,16,0.03,0.096,0.845,22,180,normal
0.73,udp,dns,SF,1953,1265,0,0,0,1,0,0,32,18,0.065,0.141,0.884,127,161,normal
2330.86,udp,telnet,SF,2792293,4261390,0,0,0,0,10,0,363,461,0.947,0.942,0.864,246,208,anomaly
3.21,udp,smtp,SF,2011,90,0,0,0,0,0,0,22,12,0.126,0.294,0.713,2,60,normal
1.92,udp,http,S0,6311,48,0,0,0,0,0,0,20,15,0.136,0.105,0.771,91,215,normal
4.52,tcp,ftp,SH,2162,1506,0,0,0,0,0,0,28,12,0.135,0.234,0.625,16,68,normal
4.31,tcp,http,SF,965,499,0,0,0,3,0,0,26,14,0.168,0.074,0.725,5,184,normal
4.63,udp,http,S0,21039,505,0,0,0,0,0,0,25,12,0.123,0.053,0.727,140,105,normal
1.66,tcp,other,SF,3483,2905,0,0,0,0,0,0,21,19,0.155,0.38,0.84,180,192,normal
1.01,udp,http,SF,2311,5669,0,0,0,0,0,1,20,13,0.276,0.12,0.807,154,232,normal
3.92,udp,ftp,SF,208,748,0,0,0,0,0,0,24,17,0.028,0.028,0.815,15,225,normal
1.5,udp,ssh,SF,205,680,0,0,0,0,0,0,28,17,0.217,0.024,0.802,67,136,normal
0.51,tcp,dns,SF,1604,2208,0,0,0,0,0,0,15,14,0.185,0.177,0.561,73,197,normal
4.83,tcp,ssh,SF,1325,164,0,0,0,1,0,1,16,10,0.064,0.161,0.788,187,161,normal
5.35,tcp,http,SF,493,1498,0,0,0,2,0,0,21,21,0.066,0.089,0.643,92,249,normal
1.57,tcp,https,SF,1317,2374,0,0,0,0,1,0,8,20,0.135,0.132,0.917,167,153,normal
0.2,tcp,ftp,SF,8649,2842,0,0,0,0,1,0,25,17,0.149,0.091,0.899,63,199,normal
1.23,tcp,http,SH,2708,72,0,0,0,0,1,0,18,12,0.124,0.02,0.656,100,111,normal
4.07,tcp,https,SF,248,377,0,0,0,0,0,0,22,11,0.052,0.24,0.664,25,135,normal
5.8,tcp,http,SF,948,320,0,0,0,0,0,1,22,11,0.203,0.131,0.866,41,59,normal
0.57,tcp,http,SF,385,1261,0,0,0,0,0,0,19,15,0.056,0.1,0.655,28,33,normal
0.17,tcp,https,SF,662,2149,0,0,0,0,0,0,15,18,0.241,0.006,0.826,111,41,normal
5.25,tcp,http,SF,640,8914,0,0,0,0,0,0,13,13,0.049,0.067,0.856,247,161,normal
1.23,udp,ssh,SF,589,548,0,0,0,0,0,1,12,12,0.118,0.072,0.854,21,29,normal
1.95,tcp,dns,SF,214,546,0,0,0,1,0,0,20,19,0.048,0.025,0.605,221,255,normal
8.61,tcp,smtp,SF,928,5483,0,0,0,0,0,0,12,8,0.096,0.024,0.715,217,236,normal
0.17,tcp,http,SF,529,1661,0,0,0,0,0,0,22,14,0.175,0.123,0.52,222,167,normal
2.61,udp,http,SF,24,6468,0,0,0,0,0,0,17,13,0.04,0.025,0.518,61,185,normal
0.19,tcp,http,SF,15817,1642,0,0,0,1,0,0,28,14,0.079,0.057,0.786,103,105,normal
1.18,tcp,dns,SF,4516,217,0,0,0,0,0,0,24,14,0.122,0.056,0.88,185,224,normal
4.07,tcp,dns,SF,672,169,0,0,0,0,0,0,24,9,0.081,0.012,0.713,139,101,normal
1.42,tcp,http,REJ,1123,124,0,0,0,0,0,0,16,13,0.009,0.09,0.634,147,236,normal
14.68,tcp,other,SF,239,2770,0,0,0,0,0,0,24,13,0.227,0.015,0.465,75,221,normal
2.05,tcp,http,SF,9941,5790,0,0,0,0,0,0,21,16,0.117,0.037,0.827,217,64,normal
0.97,tcp,ssh,SF,12919,14604,0,0,0,0,0,0,14,12,0.051,0.011,0.708,1,86,normal
0.62,udp,dns,RSTO,1344,3570,0,0,0,0,0,0,17,16,0.187,0.036,0.662,160,66,normal
1.08,icmp,other,SF,4148,5585,0,0,0,0,1,0,31,11,0.021,0.002,0.823,213,114,normal
1.17,tcp,dns,SF,1377,486,0,0,0,1,0,1,14,20,0.146,0.107,0.624,109,122,normal
0.18,tcp,smtp,SF,192,217,0,0,0,1,0,0,12,16,0.11,0.021,0.624,77,9,normal
1.15,udp,https,SF,642,3605,0,0,0,0,0,0,15,20,0.049,0.11,0.966,162,29,normal
1.56,tcp,smtp,SF,1301,1967,0,0,0,2,0,0,26,15,0.017,0.106,0.404,17,97,normal
3.21,tcp,http,SF,607,1274,0,0,0,0,0,0,27,18,0.175,0.037,0.942,254,74,normal
2.67,tcp,other,RSTO,825,1886,0,0,0,0,2,0,19,11,0.071,0.034,0.695,243,124,normal
3.08,tcp,ssh,SF,973,1724,0,0,0,0,0,0,12,19,0.224,0.106,0.73,183,156,normal
0.02,icmp,smtp,S0,987,6616,0,0,0,2,0,0,22,16,0.009,0.053,0.673,111,110,normal
0.61,udp,ftp,SH,1173,6720,0,0,0,0,0,0,18,14,0.219,0.026,0.828,19,53,normal
2.71,udp,dns,SF,276,2349,0,0,0,0,1,0,16,18,0.202,0.11,0.76,74,174,normal
1.65,tcp,ftp,SF,431,3583,0,0,0,0,0,0,17,13,0.112,0.062,0.813,170,167,normal
0.01,tcp,dns,SF,206,2252,0,1,0,2,0,0,29,14,0.082,0.106,0.708,59,76,normal
4.08,tcp,http,SF,3909,574,0,0,0,0,0,0,32,17,0.068,0.096,0.748,201,58,normal
3.7,tcp,http,SF,70,3162,0,0,0,0,1,0,25,16,0.101,0.151,0.811,115,214,normal
1.99,tcp,http,RSTO,4913,155,0,0,0,0,0,0,18,18,0.107,0.135,0.904,203,182,normal
1541.6,udp,http,S0,2529848,526195,0,0,0,1,12,0,450,476,0.832,0.983,0.78,38,134,anomaly
3.64,udp,other,SF,740,205,0,0,0,0,0,0,22,15,0.192,0.105,0.877,31,45,normal
2.19,tcp,http,SF,37,1636,0,0,0,0,0,0,11,10,0.03,0.178,0.563,194,168,normal
3.81,icmp,other,REJ,685,335,0,0,0,1,0,0,19,23,0.201,0.018,0.947,216,151,normal
3.48,udp,https,SH,1008,2379,0,0,0,3,0,0,26,17,0.058,0.073,0.695,106,117,normal
4.06,tcp,http,REJ,294,1045,0,0,0,0,1,0,21,19,0.109,0.097,0.854,111,122,normal
1.82,tcp,smtp,SF,561,117,0,0,0,0,0,0,17,18,0.14,0.141,0.887,197,226,normal
0.38,tcp,dns,SF,8016,1976,0,0,0,0,0,0,20,15,0.041,0.095,0.924,50,170,normal
2.78,tcp,ftp,SF,2602,488,0,0,0,0,0,0,22,13,0.045,0.347,0.605,126,166,normal
2.42,tcp,ssh,SF,329,3765,0,0,0,0,0,0,15,17,0.083,0.073,0.932,158,144,normal
3.39,udp,dns,SF,137,1098,0,0,0,0,0,0,12,17,0.13,0.048,0.5,103,74,normal
0.47,tcp,http,SF,716,1907,0,0,0,1,0,0,27,13,0.295,0.061,0.911,163,175,normal
0.54,tcp,other,S0,830,286,0,0,0,0,0,0,22,10,0.007,0.057,0.949,254,149,normal
5.53,tcp,other,SF,2090,480,0,0,0,1,0,0,22,6,0.042,0.04,0.944,245,244,normal
3.47,tcp,dns,SF,546,577,0,0,0,1,0,0,16,14,0.104,0.21,0.633,59,74,normal
5.97,udp,http,SF,2132,3638,0,0,0,1,1,0,20,17,0.13,0.165,0.927,121,203,normal
3.55,udp,dns,SF,13571,11479,0,0,0,0,2,0,20,17,0.094,0.026,0.744,240,149,normal
2.27,tcp,http,SF,3165,355,0,0,0,0,0,1,32,11,0.02,0.204,0.549,145,25,normal
2.65,tcp,http,SF,1030,4952,0,0,0,0,1,0,24,17,0.079,0.097,0.812,95,124,normal
5.5,tcp,https,S0,864,52,0,0,0,0,0,0,21,14,0.036,0.146,0.766,194,61,normal
2.16,tcp,ftp,SF,689,206,0,0,0,0,0,0,18,11,0.159,0.092,0.821,208,98,normal
2.5,tcp,telnet,SF,5088,286,0,0,0,0,0,0,14,11,0.294,0.056,0.898,149,54,normal
0.43,tcp,dns,SF,485,165,0,0,0,0,0,0,21,13,0.069,0.033,0.731,94,223,normal
1.61,tcp,dns,RSTO,1163,119,0,0,0,0,0,0,18,12,0.018,0.15,0.722,52,219,normal
3.15,tcp,https,S0,1172,1955,0,0,0,1,0,0,34,16,0.038,0.116,0.811,193,217,normal
0.79,tcp,https,S0,571,812,0,0,0,1,1,0,15,11,0.048,0.242,0.894,142,60,normal
0.56,tcp,https,SF,184,1865,0,0,0,2,0,1,23,16,0.206,0.036,0.876,16,170,normal
0.94,tcp,other,SF,1668,2883,0,0,0,1,0,1,31,14,0.042,0.103,0.884,55,189,normal
0.69,tcp,http,SF,1013,1590,0,0,0,3,0,0,23,15,0.005,0.19,0.833,137,32,normal
0.6,tcp,telnet,SF,2101,2754,0,0,0,0,0,0,23,15,0.012,0.089,0.744,241,53,normal
1.38,udp,ssh,RSTO,548,994,0,0,0,1,0,1,17,16,0.117,0.05,0.862,136,172,normal
5.96,udp,https,SF,5361,208,0,0,0,0,0,0,24,10,0.018,0.024,0.812,201,139,normal
1.77,tcp,dns,RSTO,350,4821,0,0,0,0,0,0,21,15,0.028,0.045,0.927,162,118,normal
0.52,tcp,ftp,S0,10154,480,0,0,0,1,0,0,25,14,0.208,0.072,0.821,109,47,normal
0.2,tcp,other,SF,113,295,0,0,0,0,1,0,25,19,0.123,0.192,0.728,161,90,normal
2.98,tcp,other,RSTO,1929,854,0,0,0,0,1,1,15,13,0.104,0.016,0.938,214,60,normal
1.21,tcp,https,SF,2034,305,0,3,0,1,0,0,17,17,0.048,0.119,0.687,94,36,normal
4.31,udp,https,SF,389,611,0,0,0,0,0,0,18,20,0.245,0.128,0.858,7,229,normal
2.69,tcp,ssh,SF,1903,1775,0,0,0,0,0,0,22,23,0.218,0.059,0.603,210,248,normal
3.98,tcp,other,SF,5787,1785,0,0,0,2,1,0,22,10,0.089,0.134,0.633,149,188,normal
0.79,tcp,http,SF,61,312,0,0,0,0,0,0,22,4,0.035,0.074,0.979,133,161,normal
2.95,tcp,ssh,SF,2108,554,0,0,0,1,0,0,23,14,0.107,0.023,0.796,199,225,normal
0.77,tcp,dns,SF,42,4934,0,0,0,0,0,0,22,20,0.175,0.104,0.711,140,42,normal
7.0,udp,dns,SF,312,2197,0,0,0,0,0,0,19,16,0.062,0.069,0.919,187,228,normal
2.53,tcp,http,SF,9117,20032,0,0,0,0,0,0,23,11,0.103,0.1,0.926,81,13,normal
0.98,icmp,dns,SF,514,5722,0,0,0,1,0,0,17,18,0.027,0.065,0.64,186,142,normal
0.79,udp,other,SF,238,5442,0,0,0,0,0,0,23,20,0.093,0.146,0.893,88,186,normal
0.53,tcp,http,SF,847,157,0,0,0,0,0,0,18,12,0.33,0.293,0.722,165,115,normal
2.97,tcp,http,S0,16127,3195,0,0,0,0,0,0,20,16,0.109,0.07,0.627,108,101,normal
0.62,tcp,other,S0,101,1018,0,0,0,0,0,0,20,18,0.057,0.158,0.887,83,235,normal
1608.03,tcp,http,REJ,4157831,2178718,0,0,0,0,18,0,279,191,0.898,0.867,0.841,45,122,anomaly
0.77,tcp,telnet,S0,7682,1387,0,0,0,0,0,0,14,16,0.062,0.161,0.821,80,168,normal
2.71,udp,ftp,SF,12271,4118,0,0,0,0,1,0,19,16,0.413,0.155,0.898,253,65,normal
4.22,tcp,http,S0,958,2210,0,0,0,1,0,0,26,22,0.066,0.222,0.753,25,133,normal
3.76,tcp,other,SF,219,320,0,0,0,0,0,0,26,12,0.375,0.05,0.971,27,158,normal
3.58,udp,https,SF,16723,3100,0,0,0,3,0,0,13,12,0.307,0.052,0.937,51,117,normal
0.52,tcp,ftp,REJ,8714,449,0,0,0,0,0,0,23,15,0.097,0.102,0.947,119,210,normal
0.23,udp,https,SF,2650,1485,0,0,0,1,0,0,20,18,0.06,0.169,0.753,170,173,normal
3.0,tcp,ssh,REJ,381,717,0,0,0,0,0,0,17,18,0.12,0.007,0.82,108,101,normal
1.15,tcp,http,REJ,1028,807,0,0,0,0,0,1,15,17,0.017,0.036,0.658,199,248,normal
1.42,udp,https,REJ,890,3205,0,0,0,0,0,0,24,17,0.033,0.069,0.85,238,186,normal
0.08,tcp,other,RSTO,1685,255,0,0,0,1,0,0,22,20,0.022,0.09,0.972,170,39,normal
0.75,udp,https,SF,7232,16701,0,0,0,0,0,0,28,10,0.038,0.113,0.813,60,140,normal
0.09,udp,dns,SF,3440,85,0,0,0,0,0,0,17,18,0.209,0.067,0.654,72,162,normal
5.28,udp,https,SF,270,474,0,0,0,0,0,0,12,16,0.102,0.018,0.608,207,109,normal
0.7,tcp,smtp,SF,6564,1841,0,0,0,0,1,0,13,18,0.005,0.138,0.835,186,14,normal
2.04,tcp,http,SF,1647,2485,0,0,0,0,0,0,26,15,0.137,0.102,0.766,80,166,normal
0.1,udp,other,S0,2678,952,0,0,0,1,0,0,21,12,0.099,0.115,0.507,72,144,normal
2.75,udp,ftp,S0,7379,1011,0,0,0,1,0,0,17,12,0.027,0.229,0.903,228,106,normal
0.98,icmp,http,SF,258,1948,0,0,0,0,0,0,19,13,0.206,0.084,0.662,96,189,normal
5.7,tcp,http,SF,1046,793,0,0,0,0,0,0,20,16,0.062,0.094,0.83,126,187,normal
5.48,tcp,http,SF,549,7711,0,0,0,0,0,0,13,4,0.099,0.19,0.645,209,75,normal
0.98,udp,ftp,SF,142,3551,0,0,0,2,0,0,15,19,0.207,0.041,0.849,228,225,normal
5.78,tcp,https,RSTO,1721,3721,0,0,0,0,0,0,23,16,0.076,0.15,0.895,150,79,normal
13.9,udp,smtp,SF,28710,283,0,0,0,1,0,0,20,12,0.012,0.059,0.835,96,112,normal
4.36,udp,https,SF,100,981,0,0,0,0,0,0,25,15,0.035,0.042,0.881,186,234,normal
4.66,tcp,http,SF,1051,720,0,0,0,1,0,0,19,19,0.149,0.12,0.943,139,202,normal
0.72,udp,ssh,SF,2521,268,0,0,0,1,0,0,28,15,0.03,0.115,0.897,109,67,normal
2.15,udp,dns,SF,1286,1815,0,0,0,1,1,0,17,11,0.105,0.03,0.691,6,139,normal
0.17,tcp,http,SF,946,516,0,0,0,0,0,0,18,20,0.091,0.066,0.684,22,11,normal
0.25,udp,http,SF,202,2745,0,0,0,0,0,0,12,19,0.085,0.065,0.88,206,16,normal
17.01,tcp,http,SF,1484,245,0,0,0,0,0,0,16,19,0.086,0.137,0.767,220,166,normal
0.99,udp,dns,SF,410,12169,0,0,0,0,0,0,19,11,0.04,0.024,0.788,103,158,normal
3.45,tcp,dns,S0,63,312,0,0,0,0,1,0,20,17,0.06,0.045,0.957,12,169,normal
4.11,udp,ftp,SF,5182,1490,0,0,0,0,0,0,20,14,0.057,0.145,0.857,27,1,normal
4.88,tcp,telnet,SF,3811,3322,0,0,0,1,0,0,13,15,0.209,0.1,0.742,129,124,normal
15.11,tcp,smtp,SF,1172,493,0,0,0,0,0,1,16,11,0.15,0.034,0.745,192,38,normal
0.69,udp,ssh,SH,1477,3617,0,0,0,0,0,0,29,19,0.026,0.048,0.622,202,114,normal
0.1,tcp,telnet,SF,4432,196,0,0,0,0,0,0,20,15,0.152,0.152,0.896,225,249,normal
1.32,tcp,http,S0,1467,8374,0,0,0,0,0,0,25,18,0.021,0.188,0.87,80,237,normal
0.35,icmp,http,SF,3551,1118,0,0,0,0,0,0,24,17,0.111,0.173,0.773,167,98,normal
1779.38,icmp,https,SF,3165350,3578942,0,0,0,1,9,0,294,427,0.939,0.885,0.775,60,60,anomaly
1.12,tcp,http,SF,6036,721,0,0,0,0,1,0,15,14,0.045,0.012,0.818,116,19,normal
3.83,tcp,ssh,SF,1664,3403,0,0,0,1,0,0,19,14,0.015,0.046,0.652,70,124,normal
2.09,tcp,other,SH,1411,483,0,0,0,0,0,0,20,8,0.044,0.016,0.958,182,226,normal
0.94,tcp,http,SF,210,384,0,0,0,1,0,0,23,15,0.043,0.086,0.698,153,187,normal
2.66,tcp,http,SF,1592,804,0,0,0,1,1,1,30,13,0.06,0.106,0.781,242,100,normal
0.66,udp,ftp,SF,371,211,0,0,0,2,0,0,27,16,0.16,0.173,0.768,148,68,normal
0.04,udp,other,SF,478,14027,0,0,0,0,0,0,20,13,0.008,0.044,0.935,36,138,normal
3.61,udp,https,SF,379,496,0,0,0,0,0,0,15,10,0.223,0.328,0.804,151,17,normal
2.44,udp,ftp,SF,274,3513,0,0,0,0,0,0,15,15,0.037,0.345,0.849,208,248,normal
3.59,tcp,http,S0,17364,1470,0,1,0,0,0,0,15,18,0.119,0.22,0.947,129,80,normal
0.1,tcp,http,SF,6190,276,0,0,0,0,0,1,24,17,0.143,0.115,0.755,245,85,normal
4.54,tcp,other,SF,13312,1087,0,0,0,0,0,0,27,21,0.218,0.145,0.916,222,92,normal
2.42,tcp,other,RSTO,223,3286,0,0,0,0,1,0,23,16,0.169,0.092,0.821,155,200,normal
2.07,tcp,http,SF,1203,842,0,0,0,0,0,0,19,13,0.076,0.081,0.911,52,29,normal
2.45,udp,other,SH,204,5827,0,0,0,0,1,0,12,15,0.047,0.082,0.836,130,134,normal
5.0,tcp,dns,SF,443,4583,0,0,0,0,0,0,24,11,0.203,0.087,0.673,240,222,normal
2.21,tcp,telnet,RSTO,332,3969,0,0,0,1,0,0,24,11,0.204,0.152,0.814,149,194,normal
2.17,tcp,ftp,SF,5494,576,0,0,0,0,0,0,16,15,0.12,0.172,0.977,137,119,normal
11.69,udp,ftp,REJ,655,241,0,0,0,1,1,0,24,16,0.05,0.12,0.725,111,122,normal
3.53,tcp,ftp,SH,4397,464,0,0,0,0,0,0,25,9,0.054,0.101,0.807,88,111,normal
1.46,tcp,dns,SF,2405,1443,0,0,0,1,0,0,20,16,0.189,0.013,0.779,48,191,normal
3.07,tcp,http,SH,21910,2354,0,0,0,1,1,0,15,16,0.034,0.053,0.838,105,159,normal
1.23,udp,http,SF,160,52,0,0,0,0,0,0,12,18,0.129,0.047,0.767,167,153,normal
0.65,tcp,https,SF,5636,1084,0,0,0,0,0,0,20,16,0.047,0.105,0.673,42,87,normal
2.27,udp,dns,SF,4867,1368,0,0,0,1,0,0,14,19,0.04,0.013,0.799,199,235,normal
1888.06,udp,http,SF,1690599,2726960,0,0,0,0,17,0,490,201,0.985,0.877,0.754,254,149,anomaly
6.62,tcp,dns,SF,4061,6686,0,0,0,0,0,0,16,19,0.222,0.133,0.936,94,16,normal
1.05,tcp,other,SF,1697,1979,0,0,0,2,0,0,22,13,0.141,0.13,0.8,45,132,normal
1.88,icmp,http,SF,815,6865,0,0,0,0,0,0,24,21,0.099,0.065,0.622,130,107,normal
0.59,tcp,dns,S0,375,810,0,0,0,0,0,0,14,17,0.404,0.205,0.927,204,174,normal
13.58,tcp,https,REJ,430,4074,0,0,0,0,0,0,26,19,0.2,0.188,0.852,205,8,normal
9.92,udp,telnet,SF,15752,10819,0,0,0,1,0,0,14,14,0.052,0.056,0.855,195,134,normal
2.62,udp,http,SF,1097,6879,0,0,0,0,0,0,22,12,0.083,0.12,0.747,171,125,normal
4.08,icmp,dns,SF,3031,237,0,0,0,0,0,0,19,13,0.166,0.009,0.754,250,128,normal
3.14,udp,telnet,SF,392,768,0,0,0,0,1,0,17,19,0.099,0.206,0.817,104,53,normal
2.25,tcp,other,SF,397,676,0,0,0,0,0,1,14,11,0.029,0.015,0.8,107,119,normal
0.14,tcp,dns,SF,4476,2175,0,0,0,0,0,0,14,15,0.01,0.089,0.842,146,192,normal
1.52,udp,ftp,SF,189,2866,0,0,0,0,0,0,18,9,0.256,0.125,0.944,39,91,normal
2.81,tcp,ssh,SH,639,338,0,0,0,0,0,0,18,12,0.377,0.123,0.655,236,179,normal
2.83,tcp,telnet,SF,1146,1205,0,0,0,0,0,0,15,15,0.117,0.057,0.759,134,249,normal
1.17,udp,ssh,SF,1267,64,0,0,0,0,0,0,15,18,0.364,0.074,0.901,252,228,normal
7.11,tcp,http,SF,868,8256,0,0,0,0,0,0,14,15,0.097,0.118,0.934,170,252,normal
0.46,tcp,other,SF,1834,535,0,0,0,1,0,1,17,12,0.113,0.1,0.853,180,228,normal
1.73,tcp,dns,SF,2699,1185,0,0,0,0,0,0,13,16,0.277,0.027,0.816,27,63,normal
2.94,tcp,dns,SF,2849,710,0,0,0,1,0,0,30,17,0.034,0.173,0.856,207,216,normal
2.99,tcp,http,SF,304,5455,0,0,0,0,0,0,22,8,0.023,0.262,0.951,244,134,normal
2.61,tcp,dns,SF,757,20,0,0,0,0,0,1,12,22,0.066,0.08,0.986,143,190,normal
0.8,tcp,https,SH,5183,1071,0,0,0,0,0,0,26,12,0.192,0.15,0.652,19,107,normal
0.42,tcp,dns,RSTO,3508,945,0,0,0,0,0,0,24,14,0.036,0.065,0.933,190,161,normal
2.53,udp,http,SF,184,581,0,0,0,0,0,0,25,13,0.085,0.095,0.734,64,2,normal
2.29,tcp,dns,SF,1731,12292,0,0,0,2,0,0,17,21,0.089,0.288,0.896,230,169,normal
0.49,icmp,other,SF,83,316,0,0,0,0,1,0,29,24,0.051,0.071,0.798,51,16,normal
3.05,tcp,http,SF,1165,3230,0,0,0,0,0,0,17,23,0.084,0.1,0.893,175,102,normal
1.52,tcp,other,SF,12927,1805,0,0,0,0,0,0,25,14,0.028,0.009,0.829,57,119,normal
2.75,udp,https,SF,319,6413,0,0,0,0,0,0,18,17,0.151,0.071,0.848,20,59,normal
4.54,tcp,other,SF,370,430,0,0,0,1,0,0,13,18,0.04,0.042,0.864,20,9,normal
0.47,icmp,smtp,SF,2960,393,0,0,0,1,0,0,20,14,0.052,0.298,0.797,82,243,normal
0.05,tcp,ssh,SF,147,5087,0,0,0,1,0,0,28,11,0.098,0.152,0.832,192,197,normal
3.78,icmp,dns,SH,481,1989,0,0,0,0,0,0,24,16,0.296,0.065,0.502,226,117,normal
2.35,tcp,other,RSTO,2381,126,0,0,0,0,1,0,20,10,0.06,0.172,0.851,231,10,normal
3.01,udp,https,S0,480,515,0,0,0,0,1,0,24,11,0.01,0.018,0.724,101,94,normal
4.55,tcp,https,SF,806,1883,0,0,0,0,0,1,21,12,0.079,0.171,0.775,227,7,normal
4.06,icmp,dns,REJ,2885,3543,0,0,0,0,0,0,21,20,0.138,0.061,0.69,38,93,normal
8.11,tcp,smtp,SF,1896,423,0,0,0,0,0,0,21,18,0.075,0.127,0.754,38,194,normal
1.92,tcp,smtp,REJ,1551,18,0,0,0,0,1,0,23,13,0.021,0.035,0.922,65,148,normal
1.68,icmp,smtp,SF,705,2281,0,0,0,1,0,0,33,11,0.088,0.002,0.802,243,123,normal
1.28,tcp,https,REJ,1774,198,0,0,0,0,0,1,30,8,0.051,0.183,0.936,76,63,normal
0.42,tcp,smtp,SF,933,65,0,0,1,0,0,0,22,24,0.205,0.06,0.887,133,4,normal
2.13,udp,http,RSTO,1988,20,0,0,0,1,0,0,18,10,0.02,0.248,0.82,192,28,normal
0.81,tcp,ssh,RSTO,574,3427,0,0,0,0,0,0,23,16,0.254,0.147,0.693,123,72,normal
6.36,tcp,http,SF,864,1312,0,0,0,0,0,0,21,18,0.22,0.145,0.796,125,250,normal
2.19,tcp,https,SF,302,799,0,0,0,2,0,0,28,19,0.019,0.182,0.73,27,163,normal
2.25,udp,https,SH,1047,7666,0,0,0,0,0,0,23,15,0.036,0.156,0.67,103,130,normal
1.1,tcp,https,SF,382,2676,0,0,0,0,0,0,22,18,0.088,0.094,0.835,20,169,normal
0.13,tcp,dns,REJ,257,10538,0,0,0,0,0,0,17,12,0.277,0.038,0.776,60,156,normal
0.08,icmp,https,SF,1534,156,0,0,0,1,0,0,18,11,0.032,0.03,0.486,168,75,normal
1.38,udp,https,SF,1446,1044,0,0,0,1,0,0,27,12,0.038,0.031,0.725,83,228,normal
0.22,tcp,http,SF,3034,114,0,0,0,0,0,0,26,9,0.192,0.16,0.885,230,73,normal
2.33,tcp,https,SF,626,795,0,1,0,0,0,0,18,19,0.091,0.284,0.707,207,102,normal
5.32,tcp,http,S0,1863,774,0,1,0,1,0,0,15,12,0.116,0.058,0.911,6,129,normal
5.36,tcp,http,SF,2244,2636,0,0,0,0,0,0,23,12,0.035,0.164,0.492,201,254,normal
2.69,tcp,ssh,SF,1955,1168,0,0,0,0,0,0,16,8,0.177,0.057,0.697,164,155,normal
0.59,tcp,dns,SF,374,2624,0,0,0,0,0,0,21,15,0.212,0.091,0.909,112,67,normal
4.97,tcp,ssh,SF,1331,2936,0,0,0,0,0,0,13,13,0.207,0.047,0.796,215,167,normal
5.43,tcp,ftp,REJ,1760,22401,0,0,0,1,0,0,18,15,0.11,0.011,0.775,202,201,normal
0.55,icmp,https,SH,1106,705,0,0,0,1,0,0,17,17,0.092,0.03,0.828,193,168,normal
3.34,icmp,telnet,SF,72,293,0,0,0,1,0,0,12,19,0.037,0.132,0.763,139,28,normal
0.84,udp,ftp,REJ,1351,1547,0,0,0,1,1,0,12,21,0.143,0.203,0.743,177,213,normal
4.06,tcp,ftp,S0,19463,356,0,0,0,0,1,0,16,14,0.183,0.117,0.766,114,92,normal
14.73,tcp,http,SF,686,8731,0,0,0,0,0,0,16,22,0.145,0.09,0.715,84,237,normal
0.08,udp,https,SH,425,737,0,0,0,0,0,0,23,22,0.054,0.076,0.929,156,152,normal
5.69,udp,https,SF,1781,496,0,0,0,0,1,0,24,16,0.063,0.108,0.794,22,82,normal
2.44,tcp,https,SF,1645,566,0,0,0,0,0,0,18,13,0.063,0.147,0.843,84,51,normal
1690.39,udp,ssh,REJ,2388334,3825034,0,0,0,1,12,0,247,391,0.872,0.843,0.968,47,56,anomaly
1.56,udp,ssh,SF,213,879,0,0,0,2,0,0,28,12,0.075,0.112,0.884,102,73,normal
4.7,udp,ssh,REJ,2837,446,0,0,0,1,0,0,28,15,0.059,0.1,0.829,80,26,normal
0.16,udp,smtp,RSTO,2362,11287,0,0,0,0,0,0,13,19,0.49,0.115,0.795,194,88,normal
1.02,tcp,smtp,SF,911,330,0,0,0,0,0,0,19,17,0.089,0.253,0.903,25,52,normal
0.17,tcp,dns,RSTO,1703,1152,0,0,0,1,0,0,20,15,0.104,0.157,0.894,91,125,normal
9.26,udp,other,SF,4180,2733,0,0,0,0,0,0,31,13,0.236,0.136,0.998,67,6,normal
4.25,udp,http,SF,3408,111,0,0,0,0,0,0,26,15,0.083,0.04,0.979,215,187,normal
4.79,tcp,http,SF,248,2148,0,0,0,1,1,1,20,9,0.083,0.058,0.927,160,117,normal
6.95,tcp,http,RSTO,3184,250,0,0,0,1,1,0,19,15,0.345,0.112,0.88,145,12,normal
0.22,tcp,dns,SF,1008,3469,0,0,0,0,0,0,25,11,0.112,0.037,0.875,40,63,normal
1.22,udp,other,SF,1205,284,0,0,0,2,0,0,11,8,0.065,0.12,0.855,212,36,normal
0.18,icmp,http,S0,1206,2892,0,0,0,0,0,0,24,15,0.272,0.153,0.619,30,9,normal
0.59,tcp,other,S0,902,5157,0,0,0,0,0,0,21,16,0.158,0.022,0.92,59,74,normal
0.65,tcp,http,S0,5162,3662,0,0,0,0,0,0,26,11,0.132,0.076,0.613,28,67,normal
1.58,tcp,other,SF,983,1559,0,0,0,0,1,0,18,15,0.006,0.023,0.838,47,241,normal
0.78,icmp,https,SF,255,793,0,0,0,0,0,0,15,15,0.061,0.135,0.879,237,29,normal
0.27,udp,http,SF,657,489,0,0,0,0,0,0,19,18,0.051,0.181,0.791,117,71,normal
0.46,udp,ftp,REJ,1383,8599,0,0,0,1,0,0,20,11,0.24,0.077,0.965,151,90,normal
0.4,tcp,https,SF,5420,411,0,0,0,1,0,0,21,21,0.086,0.017,0.813,83,8,normal
9.04,tcp,https,SF,2401,256,0,0,0,0,1,1,17,19,0.137,0.11,0.785,57,43,normal
3.56,tcp,https,SH,362,2783,0,0,0,1,0,0,16,13,0.1,0.085,0.888,217,205,normal
8.59,tcp,smtp,SF,27743,359,0,0,0,0,0,0,20,16,0.153,0.128,0.809,216,35,normal
1.45,udp,ssh,SH,1547,290,0,0,0,0,0,0,22,16,0.137,0.269,0.927,129,211,normal
0.82,udp,https,S0,5756,145,0,0,0,0,0,0,23,10,0.161,0.163,0.919,220,110,normal
4.0,icmp,ssh,REJ,900,557,0,0,0,2,0,0,20,14,0.24,0.019,0.882,29,22,normal
0.99,icmp,dns,SF,2193,976,0,0,0,0,0,0,19,16,0.011,0.024,0.739,236,208,normal
0.89,tcp,https,SF,3265,1541,0,0,0,0,0,0,24,19,0.066,0.336,0.876,242,207,normal
0.66,udp,https,S0,5343,4154,0,0,0,0,0,0,20,9,0.179,0.19,0.899,178,66,normal
0.35,udp,http,REJ,4335,2293,0,0,0,0,0,0,18,25,0.02,0.2,0.782,64,102,normal
0.74,udp,http,S0,3407,839,0,0,0,0,0,0,14,18,0.227,0.022,0.764,99,149,normal
1.1,tcp,dns,SF,728,830,0,0,0,0,0,0,20,13,0.155,0.204,0.814,242,94,normal
2.8,tcp,http,S0,521,2239,0,0,0,0,0,0,19,17,0.017,0.17,0.813,209,199,normal
1621.18,tcp,ftp,S0,4180673,824665,0,0,0,0,14,0,161,283,0.959,0.885,0.94,203,95,anomaly
0.59,icmp,dns,S0,3688,1308,0,0,0,1,1,0,21,14,0.076,0.037,0.801,37,169,normal
4.14,tcp,http,S0,820,568,0,0,0,2,0,0,25,17,0.09,0.128,0.646,246,41,normal
0.4,tcp,ssh,REJ,4379,273,0,0,0,0,0,0,20,8,0.092,0.105,0.715,189,177,normal
1.05,udp,https,SF,7247,144,0,0,0,2,0,0,15,15,0.045,0.096,0.907,128,247,normal
5.0,tcp,other,SF,333,2787,0,0,0,0,1,0,13,11,0.217,0.145,0.729,135,227,normal
0.42,tcp,ftp,SF,369,2463,0,1,0,1,0,0,24,11,0.063,0.054,0.848,90,4,normal
0.22,tcp,smtp,SF,913,2460,0,0,0,1,0,0,20,15,0.1,0.067,0.851,87,98,normal
1.66,udp,ssh,SF,1635,915,0,0,0,0,0,0,18,10,0.139,0.012,0.808,64,193,normal
0.9,tcp,http,SF,554,7861,0,0,0,1,0,0,22,14,0.071,0.164,0.883,18,10,normal
2.07,udp,dns,SF,6360,556,0,0,0,1,0,0,20,18,0.124,0.059,0.856,29,94,normal
4.07,tcp,other,SF,1903,4177,0,0,0,1,0,1,16,16,0.069,0.078,0.964,231,224,normal
0.37,udp,ssh,SF,1154,1038,0,0,0,1,0,1,24,16,0.265,0.055,0.907,114,67,normal
2.17,tcp,smtp,REJ,169,467,0,0,0,0,1,0,26,16,0.058,0.329,0.76,226,138,normal
1.76,tcp,other,RSTO,198,2513,0,1,0,0,0,0,18,18,0.051,0.108,0.732,60,73,normal
0.39,udp,http,SF,1580,1945,0,0,0,1,1,0,19,13,0.142,0.223,0.824,230,145,normal
2.45,tcp,http,SH,68,1807,0,0,0,0,0,0,18,15,0.249,0.116,0.919,54,239,normal
0.8,tcp,ssh,SF,4090,1228,0,0,0,0,0,0,22,19,0.109,0.041,0.67,72,195,normal
1.67,tcp,https,SF,892,1039,0,0,0,1,0,0,26,19,0.354,0.091,0.878,149,219,normal
0.21,udp,telnet,SF,74311,31061,0,0,0,0,0,0,15,17,0.142,0.109,0.743,149,53,normal
1.54,tcp,other,SF,22032,5755,0,0,0,0,0,0,21,15,0.031,0.21,0.821,58,163,normal
0.91,udp,https,REJ,866,3016,0,0,0,0,0,0,17,19,0.062,0.278,0.803,177,4,normal
4.32,tcp,http,S0,955,1282,0,0,0,0,1,0,23,14,0.341,0.022,0.781,36,68,normal
0.15,tcp,smtp,SF,4000,4491,0,0,0,0,0,0,20,14,0.054,0.065,0.666,145,113,normal
1.36,tcp,https,SF,10037,2264,0,0,0,1,0,1,24,14,0.194,0.043,0.509,250,96,normal
1.53,tcp,smtp,SF,130,1137,0,1,0,0,0,0,24,11,0.209,0.064,0.76,80,102,normal
3.23,tcp,https,SF,107,716,0,0,0,0,0,0,26,11,0.03,0.042,0.413,181,139,normal
2.13,tcp,dns,SF,488,979,0,0,0,1,0,0,25,13,0.192,0.271,0.933,15,44,normal
2.75,tcp,http,SF,2339,12,0,0,0,1,0,0,16,10,0.104,0.231,0.841,207,119,normal
3.75,udp,ssh,REJ,2092,1472,0,0,0,0,1,0,18,9,0.103,0.272,0.947,40,188,normal
4.95,tcp,ftp,RSTO,4405,553,0,0,0,0,0,0,20,9,0.136,0.07,0.903,81,231,normal
0.94,tcp,ssh,SF,230,10195,0,0,0,1,1,0,22,16,0.316,0.133,0.513,254,237,normal
1.93,udp,http,RSTO,54,1126,0,0,0,0,0,0,18,14,0.1,0.037,0.805,51,198,normal
4.58,tcp,dns,SF,3345,207,0,0,0,0,0,0,14,9,0.033,0.268,0.855,193,247,normal
11.38,tcp,telnet,SF,373,1022,0,0,0,1,0,0,14,15,0.053,0.254,0.672,141,190,normal
5.51,udp,http,SF,79,253,0,0,0,0,1,0,22,18,0.282,0.065,0.872,166,227,normal
1.16,udp,http,SF,1324,2127,0,0,0,0,0,0,20,16,0.154,0.127,0.747,202,245,normal
0.54,tcp,http,SH,3075,1648,0,0,0,1,0,0,15,17,0.016,0.17,0.663,97,110,normal
1.68,udp,dns,SF,935,4192,0,0,0,0,0,0,15,16,0.028,0.184,0.614,154,160,normal
3.38,tcp,ssh,SF,604,362,0,0,0,0,0,0,19,22,0.296,0.045,0.78,204,46,normal
1.7,tcp,ssh,SF,891,1150,0,0,0,1,0,0,20,27,0.024,0.053,0.674,211,23,normal
1.65,tcp,http,SF,677,162,0,0,0,1,0,0,23,16,0.031,0.155,0.793,143,106,normal
4.55,icmp,https,RSTO,190,2928,0,0,0,0,0,0,24,15,0.098,0.057,0.901,117,165,normal
1.12,tcp,ssh,SF,433,2267,0,0,0,1,0,0,18,16,0.036,0.113,0.792,133,126,normal
4.91,tcp,ftp,SF,2159,2195,0,0,0,0,0,0,30,18,0.063,0.059,0.701,2,90,normal
1.31,tcp,other,SF,1666,1099,0,1,0,0,0,0,25,11,0.147,0.231,0.839,115,98,normal
0.99,tcp,http,SF,1364,1959,0,0,0,3,1,0,24,8,0.2,0.053,0.942,78,230,normal
1.51,tcp,dns,SF,300,10363,0,0,0,0,0,0,15,13,0.074,0.181,0.89,93,247,normal
927.2,tcp,https,S0,507188,2774733,0,0,0,0,18,0,380,225,0.811,0.945,0.783,233,75,anomaly
0.34,tcp,https,SF,64,1331,0,0,0,1,0,0,16,11,0.208,0.008,0.59,253,114,normal
0.55,tcp,dns,S0,1383,239,0,0,0,0,0,0,20,14,0.025,0.071,0.715,193,186,normal
7.56,tcp,dns,REJ,7026,325,0,0,0,0,0,0,27,16,0.235,0.186,0.731,77,120,normal
0.48,tcp,other,REJ,161,1257,0,0,0,0,0,1,21,18,0.043,0.041,0.862,241,85,normal
2.1,tcp,http,SF,511,5143,0,0,0,1,0,0,17,18,0.02,0.187,0.714,60,43,normal
2.16,tcp,http,SF,1682,766,0,0,0,0,1,0,19,21,0.045,0.151,0.867,96,88,normal
1.68,udp,dns,SF,5589,788,0,0,0,1,0,0,21,12,0.065,0.011,0.905,98,143,normal
2.59,tcp,ssh,REJ,612,620,0,0,0,0,0,0,20,13,0.01,0.078,0.751,56,195,normal
678.57,udp,https,SF,2352210,627277,0,0,0,0,5,0,254,285,0.997,0.878,0.592,118,130,anomaly
2.01,tcp,http,SF,84,1657,0,0,0,1,0,0,15,15,0.01,0.119,0.742,206,199,normal
1.16,tcp,http,SF,1254,134,0,0,0,1,0,0,21,12,0.349,0.066,0.622,244,133,normal
2.71,tcp,other,SF,15594,6590,0,0,0,0,0,0,18,15,0.077,0.033,0.813,119,181,normal
0.38,tcp,http,SF,1572,431,0,0,0,2,0,1,27,10,0.102,0.084,0.684,38,173,normal
2.12,tcp,https,SF,1065,3012,0,0,0,0,0,0,21,14,0.054,0.094,0.887,185,104,normal
0.51,tcp,http,S0,1666,185,0,0,0,4,0,0,33,14,0.095,0.036,0.756,102,93,normal
0.82,tcp,https,SF,1080,2797,0,0,0,0,0,0,15,13,0.024,0.027,0.602,242,41,normal
0.62,tcp,http,SF,381,2809,0,0,0,0,0,0,20,16,0.04,0.112,0.712,51,191,normal
0.5,tcp,ftp,SF,3197,1877,0,0,0,0,0,0,26,18,0.111,0.053,0.894,169,224,normal
4.37,tcp,http,SF,1470,272,0,0,0,1,1,0,26,14,0.02,0.298,0.946,207,222,normal
0.84,tcp,smtp,SF,1122,1555,0,0,0,0,2,0,24,12,0.049,0.163,0.844,127,200,normal
6.55,tcp,http,S0,308,209,0,0,0,0,0,0,14,16,0.101,0.031,0.903,103,32,normal
8.76,udp,ssh,SF,5970,769,0,0,0,0,0,1,19,16,0.018,0.05,0.966,198,106,normal
2.12,tcp,other,REJ,2602,4634,0,0,0,0,1,0,16,14,0.185,0.05,0.927,221,2,normal
0.39,udp,dns,SF,534,3345,0,0,0,0,0,0,20,7,0.073,0.057,0.811,229,10,normal
1.17,tcp,ssh,SF,4033,1120,0,0,0,0,0,0,19,19,0.143,0.048,0.874,211,171,normal
4.0,tcp,https,S0,574,280,0,0,0,0,0,0,20,11,0.072,0.337,0.681,180,119,normal
1.14,udp,https,SF,396,2707,0,0,0,1,0,1,23,16,0.093,0.11,0.68,129,171,normal
0.23,udp,dns,SF,408,1126,0,0,0,0,0,1,21,18,0.052,0.022,0.69,85,101,normal
2.03,tcp,other,SF,109,42,0,0,0,0,0,0,28,15,0.041,0.01,0.788,103,110,normal
4.66,tcp,dns,SF,2024,3280,0,0,0,0,0,0,16,15,0.024,0.132,0.861,18,247,normal
3.97,udp,ssh,REJ,101,1060,0,0,0,0,0,0,20,21,0.133,0.342,0.647,27,67,normal
0.48,udp,dns,SF,222,5904,0,0,0,1,0,0,25,14,0.069,0.242,0.819,92,244,normal
2.79,tcp,ftp,REJ,73,236,0,0,0,0,0,0,17,16,0.06,0.1,0.932,72,23,normal
0.62,tcp,http,RSTO,980,12,0,0,0,0,1,0,20,15,0.012,0.041,0.429,95,98,normal
0.62,tcp,ssh,SF,901,1620,0,0,0,2,0,0,26,16,0.085,0.076,0.819,76,210,normal
5.18,tcp,other,RSTO,717,1649,0,0,0,0,0,0,19,19,0.054,0.036,0.882,170,225,normal
0.72,tcp,http,SF,282,102,0,0,0,0,0,0,23,18,0.103,0.111,0.937,6,97,normal
0.76,tcp,dns,SH,238,278,0,0,0,0,0,0,13,11,0.103,0.098,0.875,90,188,normal
0.0,tcp,http,SF,2005,51911,0,0,0,0,0,0,19,11,0.183,0.268,0.874,80,209,normal
5.11,udp,ssh,S0,536,714,0,0,0,0,0,0,22,18,0.01,0.022,0.844,222,6,normal
3.93,tcp,http,SF,1654,3051,1,0,0,0,0,0,16,19,0.102,0.064,0.816,83,13,normal
2.47,tcp,ftp,SF,346,441,0,0,0,0,0,0,17,14,0.062,0.031,0.641,82,21,normal
3.47,udp,smtp,SF,1387,58,0,0,0,1,0,0,19,14,0.044,0.112,0.744,152,223,normal
0.41,udp,https,S0,5968,864,0,0,0,0,1,0,29,17,0.043,0.07,0.904,45,58,normal
1.53,tcp,dns,SF,2349,756,0,0,0,1,0,0,12,18,0.024,0.18,0.932,212,120,normal
1.08,tcp,smtp,SF,641,626,0,0,0,1,0,0,17,17,0.039,0.115,0.748,71,213,normal
0.25,tcp,other,S0,1532,934,0,0,0,0,0,0,16,12,0.097,0.093,0.744,7,225,normal
1.66,tcp,http,S0,802,1587,0,3,0,0,0,0,20,12,0.17,0.3,0.711,144,156,normal
6.34,tcp,https,SH,1107,888,0,0,0,0,0,1,21,19,0.158,0.149,0.825,126,120,normal
0.1,tcp,http,S0,718,186,0,0,0,1,0,0,19,16,0.027,0.097,0.624,58,198,normal
0.86,tcp,other,SH,885,2166,0,0,0,0,0,0,18,22,0.077,0.039,0.729,57,136,normal
0.58,tcp,other,S0,1444,71,0,0,0,0,1,0,17,17,0.084,0.037,0.679,170,77,normal
0.68,tcp,ssh,SF,301,62,0,0,0,0,0,0,18,11,0.069,0.167,0.703,111,98,normal
5.98,tcp,telnet,SF,292,3086,0,0,0,0,0,0,20,12,0.007,0.077,0.77,142,58,normal
1.58,tcp,ftp,REJ,180,2230,0,0,0,1,1,1,22,13,0.091,0.086,0.916,56,168,normal
1.57,tcp,ssh,SF,136,1011,0,0,0,2,0,0,19,26,0.065,0.127,0.871,12,86,normal
3.57,tcp,http,SF,225,155,0,0,0,1,0,0,25,11,0.072,0.167,0.741,93,1,normal
0.42,udp,smtp,SF,1349,407,0,0,0,1,0,0,23,13,0.174,0.174,0.819,15,77,normal
1.67,tcp,http,SH,343,759,0,0,0,3,0,0,19,16,0.192,0.105,0.799,8,193,normal
1.41,udp,smtp,SF,2138,117,0,0,0,2,0,0,15,18,0.066,0.048,0.669,231,10,normal
2.27,udp,smtp,SF,1147,389,0,0,0,0,0,0,16,20,0.077,0.185,0.917,186,188,normal
19.31,tcp,dns,SF,84,2733,0,0,0,0,0,0,16,14,0.025,0.06,0.663,53,69,normal
3.67,tcp,http,SF,2569,8088,0,0,0,0,2,0,24,17,0.027,0.078,0.89,137,247,normal
1.27,tcp,https,SF,3146,609,0,0,0,0,0,0,21,8,0.208,0.112,0.896,174,148,normal
4.39,tcp,https,SF,301,3162,0,0,0,0,0,0,25,18,0.24,0.192,0.897,92,62,normal
0.47,udp,https,SF,1893,75,0,0,0,0,0,1,23,12,0.106,0.086,0.735,219,13,normal
0.08,tcp,http,S0,360,2760,0,0,0,2,0,0,20,9,0.251,0.206,0.652,7,186,normal
0.57,tcp,other,SF,1245,355,0,0,0,0,0,0,20,12,0.077,0.029,0.592,255,165,normal
1.04,tcp,ssh,REJ,211,1686,0,0,0,0,0,0,21,10,0.116,0.004,0.932,44,10,normal
1.79,tcp,https,REJ,106,775,0,0,0,0,0,0,17,15,0.141,0.11,0.84,14,3,normal
2.39,tcp,https,SF,666,6964,0,0,0,1,0,0,14,15,0.105,0.09,0.965,75,162,normal
6.04,tcp,https,S0,933,322,0,0,0,0,0,0,23,22,0.063,0.109,0.764,224,34,normal
1.78,tcp,ssh,SF,653,2640,0,0,0,2,0,0,22,13,0.091,0.271,0.982,115,158,normal
1.74,icmp,ftp,RSTO,235,741,0,0,0,1,0,0,14,10,0.104,0.03,0.916,92,165,normal
0.13,tcp,other,SF,652,878,0,0,0,0,0,1,15,16,0.153,0.199,0.874,134,196,normal
0.09,tcp,ftp,S0,1556,847,0,0,0,0,1,0,18,8,0.032,0.059,0.901,163,34,normal
2.0,tcp,other,SF,1034,335,0,0,0,0,0,0,24,14,0.161,0.031,0.848,198,160,normal
1.44,tcp,telnet,SF,1390,1075,0,0,0,0,0,0,23,14,0.145,0.042,0.946,189,85,normal
4.57,tcp,http,SF,458,1004,0,0,0,0,0,0,25,15,0.016,0.088,0.829,152,58,normal
0.44,tcp,other,S0,5030,1537,0,0,0,1,0,0,21,21,0.088,0.049,0.826,73,105,normal
0.06,tcp,http,S0,237,1234,0,0,0,0,0,0,19,12,0.094,0.029,0.734,130,152,normal
1.49,tcp,smtp,SF,2066,3351,0,0,0,0,0,0,19,10,0.05,0.054,0.892,230,9,normal
0.68,tcp,https,SF,5097,3995,0,0,0,1,0,0,22,13,0.131,0.132,0.93,206,41,normal
0.13,udp,other,SF,2049,251,0,0,0,1,0,0,13,15,0.152,0.132,0.657,179,152,normal
3.22,tcp,telnet,S0,842,3700,0,0,0,0,0,0,12,13,0.096,0.097,0.87,31,25,normal
0.3,tcp,smtp,SF,551,208,0,0,0,0,0,0,20,23,0.163,0.253,0.77,126,36,normal
2.34,tcp,smtp,RSTO,4217,2497,0,0,0,0,0,0,14,7,0.027,0.074,0.798,222,8,normal
0.82,icmp,https,SF,172,2611,0,0,0,0,0,0,12,10,0.194,0.063,0.554,119,126,normal
0.48,tcp,http,SF,310,75,0,0,0,0,0,1,23,16,0.087,0.074,0.897,27,114,normal
1.19,tcp,https,SF,654,1249,0,0,0,0,0,0,19,15,0.238,0.089,0.738,228,105,normal
4.04,icmp,http,SF,5480,569,0,0,0,0,0,0,7,14,0.134,0.108,0.792,110,93,normal
1.24,udp,dns,SF,1796,379,0,0,0,0,0,0,16,18,0.059,0.086,0.665,159,89,normal
3.47,udp,https,SF,311,7267,0,0,0,0,0,0,23,15,0.086,0.074,0.81,255,187,normal
0.34,tcp,other,REJ,732,439,0,0,0,0,0,0,18,13,0.077,0.085,0.511,245,163,normal
3.7,tcp,dns,SF,493,354,0,0,0,0,0,0,24,13,0.121,0.061,0.86,106,38,normal
0.68,udp,smtp,SF,435,1219,0,0,0,0,0,0,23,17,0.231,0.065,0.719,198,92,normal
2.83,udp,http,SF,3914,2863,0,0,0,0,1,0,28,16,0.074,0.101,0.946,171,119,normal
2.09,tcp,telnet,SF,184,899,0,0,0,1,0,0,20,17,0.209,0.2,0.946,237,211,normal
6.62,tcp,other,SF,8878,5613,0,0,0,1,0,0,29,20,0.254,0.125,0.891,120,160,normal
1.22,tcp,ftp,SF,3218,2306,0,0,0,0,0,0,14,14,0.031,0.067,0.725,82,101,normal
0.17,udp,ssh,SF,4528,51,0,0,0,0,0,1,14,22,0.072,0.101,0.778,52,113,normal
0.05,tcp,smtp,SF,600,522,0,0,0,1,0,0,21,22,0.06,0.12,0.788,14,251,normal
4.38,tcp,http,SF,902,499,0,0,0,0,0,0,18,12,0.157,0.07,0.459,187,179,normal
1.86,tcp,ftp,SF,170,2145,0,0,0,0,0,0,20,15,0.078,0.06,0.934,20,28,normal
3.73,tcp,https,SF,554,27,0,0,0,0,0,0,14,12,0.097,0.063,0.743,118,184,normal
0.67,tcp,http,SF,2083,38894,0,0,0,0,0,0,10,22,0.225,0.253,0.874,52,99,normal
1.06,tcp,https,SH,5912,2306,0,0,0,0,0,0,19,16,0.237,0.231,0.789,203,136,normal
0.08,tcp,http,SF,260,1350,0,0,0,0,0,0,21,15,0.256,0.066,0.826,245,41,normal
8.14,tcp,http,S0,681,5734,0,0,0,0,0,0,24,11,0.065,0.018,0.919,101,118,normal
2.76,tcp,http,SF,900,29176,0,0,0,0,0,0,21,10,0.236,0.275,0.815,40,23,normal
6.77,tcp,other,REJ,178,3710,0,0,0,1,1,0,26,8,0.112,0.12,0.602,68,182,normal
0.77,tcp,ssh,REJ,2365,4139,0,0,0,0,0,0,21,18,0.149,0.225,0.876,44,232,normal
2.36,tcp,other,SF,427,1316,0,0,0,1,0,0,20,22,0.212,0.322,0.827,134,238,normal
2.84,tcp,https,SH,850,899,0,0,0,0,0,1,26,16,0.028,0.099,0.881,87,23,normal
0.96,tcp,https,SF,609,563,0,0,0,0,0,0,18,14,0.103,0.054,0.873,120,32,normal
4.71,tcp,ftp,SF,393,344,0,1,0,1,0,0,19,11,0.244,0.084,0.816,57,138,normal
7.35,tcp,https,REJ,1086,419,0,0,0,0,0,0,19,20,0.084,0.022,0.829,186,81,normal
5.4,icmp,http,REJ,828,165,0,0,0,1,0,1,16,17,0.126,0.171,0.96,72,163,normal
3.36,tcp,dns,SF,676,986,0,0,0,1,0,0,21,15,0.075,0.297,0.661,158,99,normal
0.81,udp,http,SF,425,103,0,0,0,1,0,0,23,23,0.077,0.006,0.925,228,63,normal
0.83,tcp,ssh,SF,1661,1432,0,0,0,0,0,0,17,15,0.132,0.093,0.753,52,195,normal
8.27,udp,dns,SF,9411,1042,0,1,0,0,0,0,24,14,0.187,0.066,0.914,234,36,normal
0.03,udp,http,REJ,1315,1347,0,0,0,0,0,0,24,19,0.062,0.122,0.633,11,93,normal
3.15,tcp,http,SF,4003,527,0,0,0,0,0,0,22,20,0.191,0.113,0.848,175,177,normal
3.06,tcp,smtp,SF,179,81438,0,0,0,0,0,0,29,14,0.091,0.091,0.951,5,46,normal
2.44,tcp,ftp,SF,1346,7362,0,0,0,0,1,0,16,14,0.164,0.166,0.866,131,27,normal
11.54,tcp,http,SF,263,192,0,0,0,0,0,0,24,22,0.088,0.102,0.562,143,159,normal
2987.25,udp,other,SF,3664122,2224660,0,0,0,0,7,0,339,407,0.814,0.852,0.904,130,162,anomaly
1.04,udp,http,SF,419,468,0,0,0,1,0,0,22,17,0.092,0.05,0.908,2,76,normal
0.21,icmp,dns,SH,5164,264,0,0,0,1,0,0,20,16,0.021,0.362,0.79,249,101,normal
1.46,tcp,other,REJ,3770,167,0,0,0,2,0,0,21,18,0.071,0.054,0.91,200,187,normal
0.76,udp,http,SF,1504,2008,0,0,0,0,0,0,15,16,0.079,0.008,0.826,182,182,normal
1.05,udp,http,RSTO,149,422,0,0,0,0,0,0,17,14,0.093,0.04,0.622,174,217,normal
4.5,tcp,http,REJ,849,4251,0,0,0,0,0,0,20,8,0.385,0.154,0.807,94,194,normal
6.85,tcp,https,REJ,1623,4408,0,0,0,0,0,2,11,15,0.174,0.025,0.863,127,158,normal
0.51,udp,http,SF,1377,7506,0,0,0,0,1,0,20,9,0.149,0.145,0.794,126,236,normal
1.17,tcp,dns,SF,99,332,0,0,0,1,0,0,15,13,0.076,0.19,0.9,41,201,normal
6.6,udp,http,SF,344,2133,0,0,0,0,0,0,17,17,0.016,0.049,0.817,197,151,normal
0.16,tcp,ftp,SF,1008,2658,0,0,0,1,0,0,17,13,0.062,0.06,0.7,30,9,normal
0.24,udp,other,SF,2202,564,0,0,0,1,0,0,20,12,0.177,0.059,0.573,44,212,normal
0.44,tcp,smtp,SF,63,372,0,0,0,1,0,0,21,12,0.061,0.021,0.708,10,183,normal
2.26,tcp,ssh,SF,888,10439,0,0,0,0,1,0,18,18,0.059,0.176,0.758,225,129,normal
0.41,tcp,https,S0,1320,1507,0,0,0,0,0,0,26,11,0.04,0.051,0.304,216,56,normal
8.61,udp,ssh,SF,3309,2671,0,0,0,1,1,0,20,19,0.041,0.044,0.835,211,167,normal
1.48,udp,ftp,SF,2699,346,0,0,0,0,0,1,15,13,0.386,0.087,0.747,30,87,normal
1.74,tcp,https,SH,2338,198,0,1,0,1,0,0,23,10,0.16,0.285,0.721,217,18,normal
0.71,tcp,http,RSTO,387,494,0,0,0,0,0,0,14,8,0.144,0.11,0.675,75,42,normal
1.59,udp,other,REJ,91,921,0,0,0,1,0,0,18,14,0.134,0.057,0.851,49,224,normal
2.71,tcp,https,SH,657,247,0,0,0,0,0,0,20,6,0.278,0.123,0.802,163,111,normal
3.48,udp,http,SF,4032,1081,0,0,0,4,0,0,14,18,0.216,0.09,0.72,193,73,normal
3.5,tcp,https,SH,6710,103,0,0,0,1,2,0,16,18,0.009,0.129,0.627,145,203,normal
2.16,tcp,https,SF,2762,228,0,0,0,1,0,0,13,14,0.045,0.061,0.458,159,248,normal
5.87,tcp,smtp,SF,1916,2805,0,0,0,0,0,0,13,24,0.142,0.038,0.778,70,65,normal
4.25,tcp,dns,SF,1796,2553,0,0,0,0,0,0,28,15,0.123,0.044,0.898,205,203,normal
3.54,udp,smtp,SF,532,633,0,0,0,0,0,0,21,17,0.1,0.044,0.732,180,161,normal
0.14,tcp,http,SF,926,263,0,0,0,0,2,0,28,18,0.038,0.098,0.875,26,158,normal
0.02,tcp,https,SF,9602,260,0,0,0,2,0,0,12,14,0.084,0.036,0.804,100,133,normal
0.6,udp,ftp,REJ,322,650,0,0,0,1,0,0,22,14,0.157,0.014,0.732,133,178,normal
2.72,tcp,http,SF,8948,2703,0,0,0,0,0,0,18,15,0.084,0.041,0.656,111,193,normal
1.32,tcp,https,SF,721,4022,0,0,0,0,0,0,16,12,0.031,0.021,0.739,14,10,normal
1.29,udp,smtp,REJ,6142,547,0,0,0,1,0,0,24,13,0.177,0.039,0.831,51,60,normal
5.4,tcp,http,SF,176,218,0,0,0,0,0,0,21,13,0.029,0.046,0.73,15,205,normal
5.65,tcp,ssh,SF,2348,1595,0,0,0,0,0,0,16,16,0.187,0.105,0.721,128,155,normal
6.0,udp,http,S0,420,346,0,0,0,0,1,0,19,11,0.073,0.045,0.871,140,72,normal
0.94,tcp,http,SF,174,530,0,0,0,0,0,0,21,15,0.082,0.085,0.637,242,156,normal
2.94,tcp,http,SF,1456,7012,0,0,0,0,0,0,17,17,0.134,0.133,0.834,46,173,normal
0.79,tcp,other,RSTO,4073,3491,0,0,0,0,0,0,22,15,0.057,0.004,0.778,234,52,normal
0.53,udp,smtp,SF,365,1368,0,0,0,0,0,0,19,15,0.291,0.056,0.884,192,194,normal
0.51,tcp,other,SF,156,184,0,0,0,1,0,0,15,18,0.032,0.281,0.791,72,62,normal
1.05,tcp,ftp,RSTO,973,1474,0,0,0,0,1,0,12,16,0.198,0.053,0.721,187,117,normal
1.41,udp,http,S0,978,4854,0,0,0,0,0,0,21,17,0.06,0.069,0.855,247,204,normal
2381.04,udp,ssh,SF,3942529,3506190,0,0,0,1,18,0,190,370,0.877,0.875,0.879,95,219,anomaly
0.32,tcp,ftp,SF,3768,7270,0,0,0,1,0,0,16,15,0.073,0.396,0.898,154,125,normal
3.32,tcp,telnet,SF,1015,6699,0,0,0,1,0,0,11,17,0.154,0.104,0.566,29,205,normal
1.9,tcp,http,SF,12236,11262,0,0,0,0,1,0,21,17,0.034,0.094,0.87,132,60,normal
0.85,udp,ftp,SF,1467,1681,0,0,0,0,0,0,20,12,0.237,0.047,0.708,178,86,normal
1.7,tcp,http,SF,698,2495,0,0,0,0,0,1,15,21,0.133,0.049,0.795,220,168,normal
0.89,tcp,https,SH,134,7941,0,0,0,2,0,0,22,10,0.106,0.087,0.887,25,143,normal
2.27,udp,dns,SF,779,2051,0,0,0,0,0,1,26,19,0.065,0.047,0.917,168,95,normal
1.42,udp,ftp,SF,708,543,0,0,0,0,0,0,27,14,0.083,0.109,0.633,32,7,normal
0.45,tcp,https,SF,3821,585,0,0,0,0,0,0,24,18,0.214,0.12,0.652,100,39,normal
0.31,udp,https,S0,2000,1531,0,0,0,0,0,0,17,20,0.029,0.071,0.866,203,241,normal
1.98,tcp,ftp,SF,236,180,0,0,0,2,1,0,23,10,0.083,0.073,0.701,37,179,normal
5.82,udp,smtp,SF,1371,897,0,0,0,1,1,0,23,20,0.242,0.089,0.412,126,227,normal
1.05,tcp,other,REJ,2625,5090,0,0,0,0,1,0,29,12,0.085,0.032,0.946,138,7,normal
3.3,tcp,other,SF,7993,51,0,0,0,0,0,0,30,13,0.17,0.068,0.844,166,140,normal
2.69,udp,smtp,SF,3476,9398,0,0,0,0,1,0,20,12,0.06,0.126,0.713,189,14,normal
6.7,tcp,https,SF,2948,5278,0,0,0,1,1,0,16,21,0.295,0.193,0.922,100,34,normal
4.3,tcp,dns,SF,1185,576,0,0,0,0,0,0,17,11,0.297,0.153,0.863,242,122,normal
2.09,udp,https,SF,1816,2346,0,0,0,0,0,1,19,11,0.143,0.003,0.884,245,167,normal
818.95,udp,https,SF,3806673,3192871,0,0,0,1,11,0,242,272,0.935,0.837,0.949,27,240,anomaly
1468.53,tcp,telnet,SF,1680206,2330621,0,0,0,1,14,1,300,450,0.984,0.964,0.78,209,73,anomaly
1.28,udp,http,SF,696,4340,0,0,0,0,0,0,10,11,0.155,0.105,0.597,135,64,normal
0.99,tcp,other,REJ,401,154,0,0,0,0,0,0,21,17,0.2,0.109,0.94,201,97,normal
0.03,tcp,ftp,SH,1795,2495,0,0,0,1,0,0,15,17,0.12,0.043,0.918,99,12,normal
4.38,tcp,dns,REJ,5427,822,0,0,0,1,1,0,23,13,0.148,0.124,0.586,246,126,normal
4.04,tcp,dns,REJ,504,1231,0,0,0,0,0,0,30,14,0.12,0.169,0.732,137,34,normal
0.28,udp,other,SF,49,395,0,0,0,3,1,0,18,13,0.029,0.215,0.732,187,27,normal
2685.9,tcp,dns,SH,4717974,2881377,0,0,0,2,8,0,498,448,0.937,0.925,0.655,36,150,anomaly
1.56,tcp,ssh,SF,3595,4703,0,0,0,0,0,1,14,18,0.153,0.082,0.668,118,18,normal
0.32,tcp,http,SH,2205,389,0,0,0,0,0,1,24,16,0.098,0.184,0.927,158,174,normal
9.85,udp,ftp,SH,1913,169,0,0,0,1,0,0,19,9,0.136,0.036,0.722,223,172,normal
0.6,tcp,http,S0,762,639,0,0,0,0,0,0,16,18,0.304,0.127,0.759,19,146,normal
0.17,tcp,dns,SH,207,2014,0,0,0,0,1,0,37,10,0.012,0.065,0.904,169,37,normal
2.26,tcp,ftp,SF,2142,1535,0,0,0,0,0,1,17,17,0.16,0.192,0.925,55,135,normal
3.36,tcp,dns,SF,370,6338,0,0,0,0,0,0,16,13,0.239,0.028,0.772,215,68,normal
0.08,tcp,http,SF,18757,3313,0,0,0,0,0,0,16,11,0.145,0.062,0.733,84,237,normal
2.69,udp,http,SF,2302,4261,0,0,0,1,1,0,22,14,0.055,0.202,0.803,6,80,normal
1.9,udp,dns,SF,515,1732,0,0,0,0,0,1,19,17,0.049,0.102,0.689,123,86,normal
0.27,tcp,http,SF,495,156,0,0,1,0,0,0,20,12,0.038,0.235,0.712,107,60,normal
0.47,udp,http,SH,971,833,0,0,0,0,0,0,24,19,0.058,0.071,0.859,88,48,normal
2.1,udp,http,SF,803,4837,0,0,0,0,0,0,14,13,0.119,0.245,0.914,239,179,normal
0.88,udp,other,REJ,4683,1020,0,0,0,1,0,1,27,8,0.094,0.179,0.927,150,100,normal
6.96,tcp,dns,RSTO,1397,2217,0,0,0,1,0,1,26,14,0.333,0.135,0.601,198,84,normal
4.27,tcp,https,RSTO,423,701,0,0,0,0,0,0,20,12,0.035,0.145,0.852,244,95,normal
10.27,tcp,https,SH,12804,259,0,0,0,0,0,0,26,9,0.075,0.137,0.684,152,52,normal
0.75,tcp,https,SF,1169,922,0,0,0,0,0,2,16,12,0.042,0.076,0.843,62,252,normal
8.74,udp,smtp,SH,2979,1690,0,0,0,2,0,0,14,21,0.017,0.109,0.69,170,225,normal
1.41,udp,dns,S0,497,437,0,0,0,0,0,0,15,14,0.392,0.278,0.907,248,77,normal
1.07,udp,http,SF,1758,788,0,0,0,0,0,0,28,21,0.201,0.192,0.844,249,180,normal
0.13,tcp,http,SF,1643,294,0,0,0,0,0,0,13,14,0.118,0.096,0.949,150,84,normal
0.14,tcp,http,S0,94,5255,0,0,0,1,0,0,18,13,0.178,0.157,0.718,210,54,normal
2.94,icmp,dns,SF,15060,726,0,0,0,1,0,1,19,12,0.052,0.092,0.918,144,169,normal
1.53,udp,smtp,SF,5871,8382,0,0,0,0,0,0,15,24,0.048,0.061,0.844,228,170,normal
0.64,tcp,https,S0,654,9323,0,0,0,0,0,0,24,11,0.005,0.044,0.7,244,230,normal
2.38,udp,http,SF,261,979,0,0,0,0,0,0,24,12,0.173,0.189,0.688,141,150,normal
0.73,udp,http,SF,1723,267,0,0,0,1,0,1,15,20,0.245,0.136,0.917,120,39,normal
2.15,tcp,other,REJ,1227,59,0,0,0,1,0,0,24,7,0.087,0.108,0.843,37,23,normal
1.11,tcp,https,SF,1741,139,0,0,0,1,1,1,24,16,0.025,0.022,0.952,180,48,normal
4.34,tcp,smtp,SF,1406,160,0,0,0,3,0,0,22,15,0.146,0.085,0.746,152,113,normal
4.3,tcp,ssh,SF,2117,7554,0,0,0,1,0,0,21,20,0.114,0.102,0.902,125,120,normal
1.62,tcp,https,SF,7197,1289,0,0,0,0,1,0,22,19,0.152,0.053,0.627,211,161,normal
1.08,udp,http,RSTO,2295,1892,0,0,0,0,0,0,15,17,0.058,0.093,0.708,242,127,normal
1.13,tcp,http,SF,280,48,0,0,0,0,0,0,16,11,0.079,0.014,0.569,212,41,normal
4.1,tcp,ssh,SF,6446,204,0,0,0,1,0,0,18,13,0.155,0.013,0.868,219,158,normal
0.99,tcp,smtp,SF,9253,3796,0,0,0,0,0,0,18,12,0.028,0.134,0.84,17,206,normal
0.59,tcp,dns,SF,66017,1638,0,0,0,0,0,0,19,14,0.102,0.016,0.822,16,47,normal
0.22,udp,ssh,REJ,254,892,0,0,0,0,0,0,28,7,0.099,0.056,0.668,129,228,normal
1.57,tcp,http,S0,1503,2418,0,0,0,0,0,0,20,20,0.113,0.042,0.677,85,185,normal
1.65,tcp,other,SF,73,10830,0,0,0,0,1,0,18,26,0.213,0.15,0.858,125,72,normal
4.6,udp,smtp,SF,2250,804,0,0,0,0,0,0,23,15,0.317,0.007,0.732,219,57,normal
0.63,tcp,https,SF,537,1208,0,0,0,0,1,0,18,13,0.081,0.073,0.973,1,239,normal
1.2,tcp,other,SF,13366,1436,0,0,0,3,3,0,27,16,0.018,0.214,0.591,30,62,normal
4.13,tcp,ssh,S0,400,31224,0,0,0,0,0,0,22,16,0.005,0.27,0.722,212,86,normal
4.34,tcp,ssh,SF,122,58,0,0,0,0,0,0,16,14,0.215,0.031,0.898,24,57,normal
1.21,tcp,dns,SF,594,2854,0,0,0,0,0,0,22,23,0.077,0.021,0.956,46,196,normal
1.54,tcp,smtp,SF,84,933,0,0,0,0,0,0,21,12,0.062,0.122,0.84,248,243,normal
0.9,tcp,dns,RSTO,2911,2424,0,0,0,1,1,1,25,19,0.007,0.062,0.738,2,227,normal
6.74,udp,http,SH,74,436,0,0,0,0,1,0,15,8,0.044,0.005,0.684,143,72,normal
0.32,tcp,https,SF,1137,1023,0,0,0,1,0,0,15,15,0.039,0.078,0.912,29,226,normal
6.79,tcp,other,S0,73,2968,0,1,0,0,0,0,24,24,0.193,0.235,0.947,99,124,normal
2.88,tcp,http,SF,723,85654,0,0,0,0,0,0,24,18,0.087,0.016,0.604,62,214,normal
1.9,tcp,https,SF,9287,3399,0,0,0,0,0,1,16,12,0.341,0.072,0.764,13,153,normal
0.08,udp,https,S0,1752,334,0,0,0,0,0,1,22,15,0.04,0.154,0.96,211,255,normal
1.61,tcp,https,RSTO,356,605,0,0,0,0,0,1,21,12,0.027,0.12,0.909,65,217,normal
1.31,icmp,ssh,SH,1053,581,0,0,1,0,0,0,20,15,0.064,0.151,0.87,45,168,normal
0.44,tcp,other,SF,1122,88,0,0,0,1,0,0,20,11,0.087,0.195,0.721,47,232,normal
2.67,tcp,http,SF,2027,690,0,0,0,0,0,0,23,13,0.038,0.046,0.711,16,17,normal
8.86,tcp,http,REJ,185,3059,0,0,0,0,0,0,17,18,0.126,0.165,0.874,126,80,normal
2.06,icmp,http,SF,2369,184,0,0,0,0,0,0,19,13,0.094,0.096,0.531,107,240,normal
2158.25,tcp,other,SF,2840522,3519007,0,0,0,1,6,0,417,234,0.874,0.925,0.817,3,176,anomaly
0.18,tcp,dns,SF,483,2170,0,0,0,0,0,0,18,10,0.198,0.184,0.814,104,251,normal
1.35,tcp,https,S0,581,392,0,0,0,0,0,0,21,15,0.202,0.256,0.878,198,39,normal
0.31,udp,smtp,SF,2498,899,0,0,0,0,0,0,19,7,0.175,0.061,0.693,95,254,normal
2.37,tcp,telnet,SF,1129,10276,0,0,0,1,0,1,26,21,0.344,0.077,0.88,133,143,normal
6.97,udp,telnet,RSTO,176,3062,0,0,0,0,0,0,14,15,0.066,0.237,0.687,154,17,normal
2.71,tcp,other,SF,304,1110,0,0,0,0,1,0,25,14,0.132,0.17,0.598,92,249,normal
0.2,tcp,https,SF,1419,786,0,0,0,0,0,0,26,16,0.264,0.111,0.904,15,35,normal
1.09,tcp,smtp,SF,989,1220,0,0,0,2,0,1,15,11,0.161,0.046,0.845,201,33,normal
2.0,tcp,ftp,SF,516,535,0,0,0,0,0,0,22,9,0.214,0.205,0.879,254,232,normal
1.29,tcp,telnet,SF,586,57,0,0,0,0,0,0,25,13,0.073,0.032,0.969,183,231,normal
4.48,tcp,dns,SF,2710,19130,0,0,0,0,1,0,25,16,0.148,0.021,0.835,150,146,normal
4.21,udp,smtp,REJ,559,1363,0,0,0,0,0,0,26,13,0.075,0.118,0.929,37,158,normal
2.37,tcp,dns,SF,977,1914,0,0,0,0,0,1,29,11,0.024,0.064,0.883,213,215,normal
1.17,tcp,http,SH,18414,1011,0,0,0,0,0,0,16,14,0.101,0.036,0.869,234,165,normal
0.74,tcp,ssh,SF,172,391,0,1,0,0,0,0,19,18,0.034,0.068,0.856,249,111,normal
0.28,tcp,other,SF,98,845,0,0,0,0,0,0,17,16,0.239,0.007,0.845,157,135,normal
1.1,tcp,other,SF,3037,116,0,0,0,1,1,1,28,19,0.059,0.082,0.97,154,74,normal
1.33,tcp,http,SF,453,26580,0,0,0,1,2,0,18,17,0.313,0.078,0.736,70,208,normal
2.82,tcp,http,S0,725,194,0,0,0,0,0,0,20,17,0.18,0.131,0.95,252,156,normal
2.68,udp,http,SF,397,258,0,0,0,1,0,0,22,16,0.013,0.165,0.674,139,215,normal
0.18,udp,dns,SF,782,592,0,0,0,1,0,0,25,14,0.032,0.066,0.864,100,98,normal
1.26,tcp,smtp,RSTO,8761,6656,0,0,0,0,0,0,28,14,0.082,0.105,0.643,148,18,normal
0.5,tcp,http,RSTO,3111,1119,0,0,0,0,1,0,23,14,0.14,0.151,0.863,236,175,normal
0.43,tcp,ftp,RSTO,3364,194,0,0,0,0,0,1,17,18,0.29,0.073,0.673,84,23,normal
4.39,tcp,telnet,SF,173,6349,0,0,0,0,0,0,23,8,0.142,0.041,0.981,91,243,normal
0.11,tcp,dns,REJ,245,3051,0,0,0,0,0,0,26,20,0.171,0.091,0.505,198,148,normal
1.36,tcp,ssh,SF,27,2330,0,0,0,1,0,0,23,13,0.06,0.065,0.916,33,31,normal
0.46,udp,ssh,SF,382,2987,0,0,0,0,0,0,15,12,0.096,0.028,0.926,121,14,normal
5.29,udp,ftp,SF,3803,31322,0,0,0,0,0,0,20,14,0.078,0.07,0.573,30,23,normal
2.04,tcp,https,SF,2147,23368,0,0,0,0,0,1,17,15,0.169,0.18,0.698,178,254,normal
0.66,tcp,ssh,SF,822,419,0,1,0,0,0,0,16,20,0.091,0.147,0.875,34,2,normal
1.75,tcp,dns,SF,1065,10651,0,0,0,1,0,0,29,14,0.288,0.085,0.502,133,157,normal
3.29,udp,other,REJ,447,1875,0,0,0,0,1,0,21,15,0.152,0.098,0.576,208,178,normal
7.93,tcp,dns,SF,1431,2205,0,0,0,1,0,0,26,15,0.042,0.099,0.512,140,73,normal
0.62,tcp,smtp,SF,2967,102,0,0,0,1,0,0,21,14,0.177,0.03,0.841,76,59,normal
5.43,udp,http,SF,134,863,0,0,0,1,0,0,19,14,0.128,0.055,0.869,75,33,normal
6.81,tcp,ftp,RSTO,1618,351,0,0,0,0,0,0,24,18,0.168,0.168,0.897,52,176,normal
6.2,udp,http,SF,3685,3495,0,0,0,0,0,0,23,18,0.192,0.105,0.858,51,172,normal
2.52,tcp,http,SF,639,4912,0,0,0,1,0,0,26,14,0.173,0.142,0.759,149,140,normal
2.48,tcp,dns,REJ,2726,60,0,0,0,1,0,0,20,17,0.083,0.291,0.836,199,83,normal
1.29,tcp,other,REJ,42576,1063,0,0,0,1,0,0,19,18,0.092,0.056,0.817,58,170,normal
3.49,udp,http,SF,957,5274,0,0,0,0,0,1,20,18,0.105,0.176,0.96,98,212,normal
1.89,udp,https,S0,1828,844,0,0,0,0,0,0,19,17,0.041,0.041,0.873,125,229,normal
2.83,udp,smtp,REJ,420,3043,0,0,0,0,1,0,21,17,0.286,0.062,0.715,192,223,normal
1.4,tcp,http,S0,1388,1792,0,0,0,0,0,0,15,15,0.088,0.158,0.955,93,35,normal
3.29,udp,ssh,SF,1994,1769,0,0,0,1,1,0,26,20,0.099,0.251,0.769,134,41,normal
4.35,tcp,dns,RSTO,1412,750,0,0,0,0,1,0,22,13,0.022,0.095,0.943,228,213,normal
0.4,tcp,ssh,SF,291,199,0,0,0,1,1,0,15,16,0.15,0.062,0.795,226,183,normal
4.47,udp,http,SF,1434,228,0,0,0,2,1,0,18,19,0.019,0.026,0.809,177,239,normal
1.94,tcp,https,SF,7338,2960,0,0,0,0,0,0,25,15,0.297,0.301,0.911,200,110,normal
4.66,tcp,smtp,SF,1964,1126,0,0,0,0,0,0,27,13,0.075,0.209,0.9,37,235,normal
1.41,tcp,ssh,SF,3829,903,0,0,0,1,0,1,23,15,0.144,0.023,0.934,138,141,normal
1.19,tcp,http,S0,805,605,0,0,0,0,0,0,21,14,0.168,0.098,0.823,208,39,normal
6.16,tcp,smtp,SF,2906,715,0,0,0,1,0,0,20,15,0.031,0.055,0.711,194,219,normal
0.72,tcp,http,SF,1576,4748,0,0,0,1,1,0,23,17,0.072,0.191,0.816,56,217,normal
4.65,tcp,dns,SF,318,685,0,0,0,0,1,0,30,15,0.055,0.118,0.808,83,194,normal
1.65,udp,http,SF,1659,167,0,0,0,1,2,0,21,18,0.01,0.198,0.751,71,163,normal
1.8,udp,other,SH,302,3106,0,0,0,0,1,0,21,15,0.163,0.08,0.68,66,116,normal
0.92,tcp,https,SF,481,823,1,0,0,0,0,0,23,14,0.016,0.121,0.768,45,72,normal
2.13,tcp,https,SF,1402,1145,0,0,0,0,0,0,25,20,0.164,0.138,0.672,87,161,normal
0.98,tcp,http,SF,1613,10410,0,0,0,0,0,0,18,19,0.13,0.116,0.791,95,89,normal
0.1,tcp,https,SF,233,1065,0,0,0,1,0,0,20,10,0.189,0.241,0.697,196,213,normal
0.79,tcp,other,SF,4316,1643,0,0,0,1,0,0,21,21,0.006,0.134,0.737,192,164,normal
0.02,tcp,other,S0,2306,210,0,0,0,0,0,0,18,14,0.234,0.076,0.755,144,141,normal
9.58,tcp,https,SH,438,806,0,0,0,2,0,0,19,16,0.003,0.109,0.916,10,56,normal
8.43,tcp,https,SF,148,2574,0,0,0,0,0,0,31,11,0.15,0.103,0.776,241,174,normal
1.26,tcp,dns,S0,908,124,0,0,0,0,0,0,18,16,0.024,0.003,0.662,149,201,normal
3.26,tcp,other,S0,614,1452,0,3,0,0,1,2,22,13,0.1,0.151,0.822,220,99,normal
1017.15,udp,ssh,REJ,4777704,2777445,0,0,0,0,17,0,199,371,0.966,0.862,0.781,238,46,anomaly
2.78,udp,https,SF,683,1161,0,0,0,0,0,0,20,14,0.084,0.093,0.686,140,100,normal
4.09,tcp,https,SF,80,4684,0,0,0,1,0,1,17,13,0.147,0.188,0.943,13,113,normal
7.33,udp,dns,SF,661,1751,0,0,0,1,0,0,19,10,0.106,0.275,0.778,254,111,normal
1.28,tcp,http,S0,737,8684,0,0,0,0,0,0,11,15,0.076,0.084,0.944,244,172,normal
3.82,udp,ssh,REJ,2499,272,0,0,0,1,0,0,19,12,0.207,0.121,0.66,232,174,normal
0.77,udp,https,SF,442,1326,0,0,0,1,0,0,18,8,0.018,0.163,0.94,81,243,normal
11.6,tcp,smtp,SF,9723,1234,0,0,0,0,0,1,20,10,0.013,0.126,0.934,210,74,normal
0.07,tcp,http,RSTO,91,245,0,0,0,1,0,0,24,14,0.019,0.131,0.789,117,69,normal
2119.53,tcp,ssh,REJ,4367201,3358772,0,0,0,2,9,0,324,453,0.906,0.893,0.791,138,31,anomaly
2.69,tcp,ftp,SH,819,28411,0,0,0,0,0,0,13,14,0.013,0.029,0.745,122,125,normal
2.91,tcp,dns,S0,3352,1070,0,0,0,0,0,0,27,15,0.105,0.058,0.902,220,24,normal
0.32,tcp,http,SF,1216,2223,0,0,0,0,0,0,17,12,0.042,0.115,0.943,141,32,normal
6.97,tcp,ssh,SF,4824,1234,0,0,0,1,0,0,17,14,0.049,0.118,0.914,162,254,normal
0.5,udp,ssh,S0,662,403,0,0,0,0,0,0,20,18,0.026,0.121,0.848,59,241,normal
2.44,icmp,ssh,SF,262,85,0,0,0,1,0,0,19,13,0.199,0.002,0.773,128,113,normal
0.63,tcp,ssh,SF,6951,408,0,0,0,1,0,0,23,15,0.065,0.101,0.877,49,195,normal
0.92,tcp,dns,S0,946,156,0,0,0,1,0,0,22,15,0.084,0.074,0.455,6,16,normal
1.98,tcp,smtp,SF,1462,11917,0,0,0,0,0,1,20,14,0.055,0.085,0.588,12,185,normal
1.35,tcp,https,REJ,5459,933,0,0,0,0,0,0,13,13,0.078,0.034,0.897,29,233,normal
0.44,udp,smtp,SF,286,675,0,0,0,0,0,0,18,12,0.21,0.107,0.764,77,241,normal
0.47,tcp,ftp,SH,2378,3807,0,0,0,1,1,0,20,13,0.026,0.052,0.65,124,212,normal
1.35,tcp,http,SF,509,228,0,0,0,1,0,0,24,18,0.044,0.051,0.883,26,108,normal
3.54,tcp,http,SF,923,374,0,0,0,0,0,0,17,7,0.02,0.026,0.691,68,24,normal
5.71,tcp,https,SF,1204,1206,0,0,0,0,0,0,20,18,0.113,0.045,0.541,207,34,normal
0.22,udp,smtp,SF,155,4629,0,0,0,0,0,0,15,16,0.162,0.048,0.776,16,128,normal
1.25,udp,dns,S0,398,2213,0,0,0,0,0,0,26,14,0.037,0.143,0.825,53,52,normal
0.26,tcp,smtp,S0,6351,1552,0,0,0,0,0,0,26,13,0.062,0.149,0.872,147,48,normal
0.04,tcp,ftp,SF,3470,1223,0,0,0,1,0,0,15,18,0.051,0.115,0.826,175,87,normal
2.71,tcp,https,SF,1010,1920,0,0,0,0,0,0,19,13,0.17,0.088,0.819,218,119,normal
2.31,udp,http,SF,1504,1454,0,1,0,0,0,0,24,17,0.148,0.238,0.734,160,181,normal
0.44,udp,https,SF,748,259,0,3,0,0,0,0,29,17,0.049,0.144,0.871,70,183,normal
0.67,tcp,https,RSTO,6396,1169,0,0,0,1,0,0,16,11,0.016,0.034,0.772,244,38,normal
0.06,tcp,http,REJ,845,243,0,0,0,0,1,0,13,11,0.021,0.097,0.797,253,130,normal
4.5,udp,http,S0,1482,1228,0,0,0,0,0,0,16,12,0.043,0.086,0.799,198,233,normal
9.19,tcp,ssh,S0,4865,559,0,0,0,0,0,0,13,17,0.065,0.042,0.756,189,69,normal
0.36,udp,dns,SF,399,38373,0,0,0,0,1,0,22,20,0.029,0.216,0.766,5,82,normal
0.66,tcp,other,RSTO,8320,1037,0,0,0,1,0,0,23,5,0.118,0.178,0.747,187,118,normal
5.07,tcp,other,S0,149,153,0,1,0,0,1,0,14,12,0.105,0.027,0.824,130,250,normal
6.52,tcp,dns,S0,9122,908,0,0,0,1,0,0,23,8,0.268,0.099,0.769,244,53,normal
1.36,tcp,https,REJ,675,2269,0,0,0,1,0,0,18,13,0.256,0.269,0.745,130,50,normal
0.13,tcp,dns,SF,799,11415,0,0,0,1,0,0,21,11,0.332,0.233,0.822,229,157,normal
0.1,udp,smtp,REJ,93,480,0,0,0,0,0,0,17,16,0.107,0.329,0.658,3,74,normal
2.13,tcp,http,SF,607,119,0,0,0,0,1,0,24,18,0.093,0.201,0.837,198,234,normal
1.25,tcp,https,SF,283,3441,0,0,0,0,1,0,22,17,0.032,0.064,0.795,95,183,normal
0.07,tcp,telnet,SF,497,158,0,0,0,0,0,0,21,21,0.175,0.064,0.862,43,106,normal
2.19,tcp,https,SH,917,595,1,0,0,0,0,1,17,6,0.041,0.111,0.668,133,189,normal
0.03,tcp,ssh,REJ,3809,764,0,0,0,0,0,1,26,16,0.054,0.098,0.803,178,50,normal
3.87,tcp,ssh,S0,1436,994,0,0,0,0,0,0,21,16,0.178,0.072,0.59,238,16,normal
0.91,udp,http,S0,1635,2877,0,0,0,0,0,0,19,12,0.131,0.07,0.601,10,87,normal
0.1,tcp,https,SF,263,421,0,0,0,1,0,0,24,7,0.046,0.303,0.977,155,94,normal
2.22,tcp,https,RSTO,348,747,0,0,0,0,0,0,19,17,0.046,0.081,0.916,24,70,normal
1.27,tcp,http,SF,11365,1074,0,0,0,0,0,0,21,16,0.063,0.264,0.738,22,172,normal
9.11,udp,http,SF,421,1352,0,0,0,0,0,1,26,9,0.108,0.232,0.659,89,252,normal
1.96,udp,telnet,SF,9443,1257,0,0,0,0,0,0,19,13,0.138,0.206,0.669,3,100,normal
0.8,udp,https,REJ,799,2019,0,0,0,1,0,0,19,11,0.209,0.121,0.551,144,212,normal
3.09,tcp,ftp,S0,1099,3573,0,0,0,0,0,0,21,19,0.075,0.052,0.831,158,144,normal
0.79,tcp,https,SF,4409,1900,0,0,0,0,0,0,25,11,0.086,0.062,0.623,112,28,normal
5.86,tcp,other,SF,5729,2069,0,0,0,0,0,0,19,18,0.141,0.088,0.839,171,246,normal
1.17,tcp,https,REJ,949,119,0,0,0,2,0,0,27,9,0.103,0.189,0.7,4,185,normal
2.0,tcp,https,SF,662,1176,0,0,0,0,0,0,15,13,0.021,0.074,0.755,107,154,normal
0.13,tcp,other,S0,1019,2145,0,0,0,0,0,1,24,10,0.209,0.08,0.69,40,86,normal
1.39,tcp,telnet,SH,1701,3042,0,0,0,0,0,0,23,16,0.075,0.108,0.427,16,118,normal
4.46,tcp,http,SF,3493,416,0,0,0,0,0,0,16,12,0.035,0.24,0.791,247,11,normal
4.1,udp,smtp,SF,1102,435,0,0,0,1,0,0,17,9,0.075,0.116,0.782,232,129,normal
0.64,tcp,ftp,S0,2451,490,0,0,0,0,1,0,20,10,0.178,0.054,0.929,105,69,normal
0.64,tcp,ftp,REJ,9226,2323,0,0,0,0,0,0,21,11,0.039,0.065,0.671,238,255,normal
4.25,udp,http,SF,1800,4663,0,0,0,1,0,0,22,17,0.234,0.076,0.698,72,241,normal
6.66,tcp,http,SH,1644,619,0,0,0,1,0,1,22,19,0.119,0.26,0.503,88,171,normal
0.25,udp,dns,SF,152,3909,0,0,0,0,1,0,27,10,0.144,0.071,0.873,16,174,normal
1.49,tcp,ftp,SF,35,1303,0,0,0,2,0,0,17,18,0.149,0.131,0.542,118,105,normal
1.03,tcp,https,S0,1816,921,0,0,0,0,0,0,27,14,0.035,0.246,0.589,91,234,normal
5.11,udp,dns,REJ,969,815,0,0,0,1,0,0,25,15,0.087,0.141,0.612,194,36,normal
0.22,udp,smtp,SF,561,3118,0,0,0,0,0,0,28,17,0.026,0.199,0.908,252,66,normal
0.59,udp,http,REJ,1505,1729,0,0,0,1,0,0,15,9,0.178,0.045,0.871,183,185,normal
3.49,tcp,ssh,SF,1013,26533,0,0,0,0,0,1,20,10,0.058,0.013,0.852,20,134,normal
0.13,tcp,http,SF,4751,332,0,0,0,0,0,0,17,16,0.063,0.018,0.945,179,190,normal
1.7,tcp,smtp,SF,1226,2265,0,0,0,0,0,0,25,17,0.025,0.032,0.799,212,155,normal
1.46,tcp,dns,REJ,415,522,0,0,0,0,0,0,22,10,0.085,0.018,0.715,84,125,normal
1.02,udp,other,SF,3972,324,0,0,0,0,0,0,17,24,0.121,0.131,0.922,83,154,normal
1.25,tcp,http,SF,826,1080,0,0,0,0,1,0,19,9,0.026,0.037,0.58,185,227,normal
1758.46,icmp,http,SF,2369013,1851131,0,0,0,0,12,0,161,165,0.862,0.904,0.821,126,141,anomaly
0.44,tcp,https,RSTO,589,65214,0,0,0,1,0,0,19,19,0.118,0.046,0.691,51,76,normal
